file,marker,mean_x,mean_y,mean_z
AOM_L0_1.csv,1,4.073169125,11.89879723,31.2854161
AOM_L0_1.csv,2,5.9293973,45.3289971,51.4620638
AOM_L0_1.csv,3,6.4570074,80.81931077,64.20253823
AOM_L0_1.csv,4,7.787795075,117.6158953,71.80810965
AOM_L0_1.csv,5,7.440902025,156.700207,69.10435485
AOM_L0_1.csv,6,4.5658374,192.3092643,56.15911942
AOM_L0_1.csv,7,3.8111993,224.360545,40.46313515
AOM_L0_1.csv,8,3.36422105,256.7996802,29.16924748
AOM_L0_1.csv,9,1.619461725,292.1792015,23.71631533
AOM_L0_1.csv,10,1.135170325,328.017659,22.65652555
AOM_L0_1.csv,11,1.911626025,365.3913101,24.4637441
AOM_L0_1.csv,12,2.2569455,401.0827019,24.39545368
AOM_L0_2.csv,1,3.419945314,19.63142939,21.99644798
AOM_L0_2.csv,2,4.268665314,52.65749031,29.8154922
AOM_L0_2.csv,3,5.887595647,84.79302453,46.17322488
AOM_L0_2.csv,4,7.688124529,116.9605271,64.36884318
AOM_L0_2.csv,5,8.063237549,154.6146449,75.54405435
AOM_L0_2.csv,6,6.918259961,192.7585404,76.1631118
AOM_L0_2.csv,7,5.951936353,229.8572508,66.95056202
AOM_L0_2.csv,8,4.469721843,263.4175989,51.51259861
AOM_L0_2.csv,9,2.619978,295.9272843,36.84562998
AOM_L0_2.csv,10,2.043962373,330.0673104,27.1099921
AOM_L0_2.csv,11,1.939047353,365.413576,23.5885929
AOM_L0_2.csv,12,1.956481118,400.6725404,24.0352622
AOM_L0_3.csv,1,2.43505575,20.75906878,21.14663192
AOM_L0_3.csv,2,1.425925972,57.02685981,20.97317714
AOM_L0_3.csv,3,-0.339493222,91.48146203,25.31415044
AOM_L0_3.csv,4,-1.089807056,124.5017925,37.03510081
AOM_L0_3.csv,5,-1.302755583,157.0369869,52.04614761
AOM_L0_3.csv,6,0.080070917,190.4778345,68.11569469
AOM_L0_3.csv,7,2.211733611,227.4652952,78.18683986
AOM_L0_3.csv,8,3.265050028,266.4060414,78.26135892
AOM_L0_3.csv,9,3.2770165,303.1536145,70.68013508
AOM_L0_3.csv,10,4.756563889,338.8266101,58.38672372
AOM_L0_3.csv,11,6.660229083,373.0786497,43.30781653
AOM_L0_3.csv,12,8.517725778,405.0635597,28.410324
AOM_L3_10_11_12_303030_1.csv,1,-0.680101649,-2.356556054,30.53228292
AOM_L3_10_11_12_303030_1.csv,2,-0.831973757,22.3418183,60.95540122
AOM_L3_10_11_12_303030_1.csv,3,0.085777892,52.79612776,82.98503508
AOM_L3_10_11_12_303030_1.csv,4,2.402751405,85.64548097,101.5611788
AOM_L3_10_11_12_303030_1.csv,5,3.862498811,123.7838401,110.2437415
AOM_L3_10_11_12_303030_1.csv,6,2.826164622,162.3063552,108.2122713
AOM_L3_10_11_12_303030_1.csv,7,2.597686081,200.3680126,96.70729497
AOM_L3_10_11_12_303030_1.csv,8,1.646029514,235.9673168,77.15856981
AOM_L3_10_11_12_303030_1.csv,9,-0.245991595,270.8592257,56.26496341
AOM_L3_10_11_12_303030_1.csv,10,-1.432137405,308.2429942,40.67316673
AOM_L3_10_11_12_303030_1.csv,11,-3.227504324,347.7650939,31.00621268
AOM_L3_10_11_12_303030_1.csv,12,-6.179099568,388.9413824,27.78597478
AOM_L3_10_11_12_303030_2.csv,1,0.732479333,9.190610333,23.82022048
AOM_L3_10_11_12_303030_2.csv,2,1.420919926,40.50763244,37.53884
AOM_L3_10_11_12_303030_2.csv,3,2.467963222,68.1342273,60.41883511
AOM_L3_10_11_12_303030_2.csv,4,3.450742222,94.11651067,85.64450093
AOM_L3_10_11_12_303030_2.csv,5,3.928321259,127.5127213,106.6560876
AOM_L3_10_11_12_303030_2.csv,6,2.512595259,164.6961811,116.9651656
AOM_L3_10_11_12_303030_2.csv,7,1.691891481,204.4091706,117.8732959
AOM_L3_10_11_12_303030_2.csv,8,-0.16397263,244.7207783,109.3497954
AOM_L3_10_11_12_303030_2.csv,9,-1.819279074,283.9624205,93.75189937
AOM_L3_10_11_12_303030_2.csv,10,-2.114086444,321.8008196,74.32151519
AOM_L3_10_11_12_303030_2.csv,11,-2.802208111,358.0909243,52.76971052
AOM_L3_10_11_12_303030_2.csv,12,-5.261575074,394.5668437,31.6450983
AOM_L3_1_2_3_303030_1.csv,1,1.1548073,3.392197325,34.39922928
AOM_L3_1_2_3_303030_1.csv,2,-0.36120965,35.27419503,65.96802518
AOM_L3_1_2_3_303030_1.csv,3,-3.215657225,72.2603071,88.28121888
AOM_L3_1_2_3_303030_1.csv,4,-1.509819675,112.0175413,103.2823519
AOM_L3_1_2_3_303030_1.csv,5,0.11582725,155.0837009,106.9542743
AOM_L3_1_2_3_303030_1.csv,6,0.264025625,195.4882282,100.0663195
AOM_L3_1_2_3_303030_1.csv,7,2.5271565,231.7603027,84.94516753
AOM_L3_1_2_3_303030_1.csv,8,4.167400525,261.7128243,64.34828163
AOM_L3_1_2_3_303030_1.csv,9,5.02517525,291.6296944,44.1685394
AOM_L3_1_2_3_303030_1.csv,10,5.831237,324.1726227,30.63079313
AOM_L3_1_2_3_303030_1.csv,11,5.693109775,358.8970199,25.1308705
AOM_L3_1_2_3_303030_1.csv,12,6.11734745,393.8636834,23.62754268
AOM_L3_1_2_3_303030_2.csv,1,-0.214610957,8.141647826,27.50765235
AOM_L3_1_2_3_303030_2.csv,2,-1.782427652,47.91070309,35.516155
AOM_L3_1_2_3_303030_2.csv,3,-3.95642613,83.18336222,53.2531817
AOM_L3_1_2_3_303030_2.csv,4,-4.326458174,116.6023513,76.09521552
AOM_L3_1_2_3_303030_2.csv,5,-4.032564826,153.185602,97.10426057
AOM_L3_1_2_3_303030_2.csv,6,-4.287078783,191.3228521,110.5327481
AOM_L3_1_2_3_303030_2.csv,7,-2.668078478,230.2688002,114.7985316
AOM_L3_1_2_3_303030_2.csv,8,-2.263235522,268.2997556,107.8500615
AOM_L3_1_2_3_303030_2.csv,9,-3.262358217,303.4930645,94.06580591
AOM_L3_1_2_3_303030_2.csv,10,-1.547947609,336.4231727,75.266026
AOM_L3_1_2_3_303030_2.csv,11,-0.041768522,367.8270741,54.93906443
AOM_L3_1_2_3_303030_2.csv,12,1.505095478,395.3545027,31.71334222
AOM_L3_1_2_4_303030_1.csv,1,0.699980891,1.876821739,20.71825633
AOM_L3_1_2_4_303030_1.csv,2,1.220439652,32.21453615,52.63402326
AOM_L3_1_2_4_303030_1.csv,3,2.570444717,69.47618398,76.00644157
AOM_L3_1_2_4_303030_1.csv,4,4.100693804,109.3392001,90.94962352
AOM_L3_1_2_4_303030_1.csv,5,4.744395913,152.7193684,94.9436093
AOM_L3_1_2_4_303030_1.csv,6,4.017684109,194.1178141,87.40455515
AOM_L3_1_2_4_303030_1.csv,7,5.129612978,230.8145162,70.9638778
AOM_L3_1_2_4_303030_1.csv,8,6.336644696,261.4622352,49.63778567
AOM_L3_1_2_4_303030_1.csv,9,6.206014826,291.375729,29.44382585
AOM_L3_1_2_4_303030_1.csv,10,5.098918565,323.6131227,16.04196846
AOM_L3_1_2_4_303030_1.csv,11,3.040919674,357.8875633,10.8179027
AOM_L3_1_2_4_303030_1.csv,12,1.042863022,392.9018946,9.924780826
AOM_L3_1_2_4_303030_2.csv,1,0.814522621,2.348438345,12.72604617
AOM_L3_1_2_4_303030_2.csv,2,-0.399328448,41.05279252,22.15126607
AOM_L3_1_2_4_303030_2.csv,3,-1.328400793,76.55537021,40.28844772
AOM_L3_1_2_4_303030_2.csv,4,-0.700947138,109.3380153,64.31746969
AOM_L3_1_2_4_303030_2.csv,5,-0.643630655,145.9433862,86.48135114
AOM_L3_1_2_4_303030_2.csv,6,-2.071905276,185.2974528,99.88513293
AOM_L3_1_2_4_303030_2.csv,7,-2.680147793,225.3893859,102.9840206
AOM_L3_1_2_4_303030_2.csv,8,-3.563091483,264.1178547,95.93308276
AOM_L3_1_2_4_303030_2.csv,9,-4.393590517,298.5969334,81.56487321
AOM_L3_1_2_4_303030_2.csv,10,-2.935942483,331.5382534,61.98548814
AOM_L3_1_2_4_303030_2.csv,11,0.042928448,362.5962988,41.88351169
AOM_L3_1_2_4_303030_2.csv,12,1.74891,390.1809398,17.50588697
AOM_L3_1_4_7_303030_1.csv,1,-1.248899783,0.323455239,36.95157185
AOM_L3_1_4_7_303030_1.csv,2,-0.934387457,27.7863598,70.78558413
AOM_L3_1_4_7_303030_1.csv,3,-3.065120196,60.28749461,98.41162839
AOM_L3_1_4_7_303030_1.csv,4,-4.074004565,97.24841496,119.4827976
AOM_L3_1_4_7_303030_1.csv,5,-6.98293713,140.274285,129.3854874
AOM_L3_1_4_7_303030_1.csv,6,-5.784814,185.7312194,128.2114242
AOM_L3_1_4_7_303030_1.csv,7,-2.515176435,228.4703453,116.1263915
AOM_L3_1_4_7_303030_1.csv,8,-0.854583783,266.5322804,94.68988498
AOM_L3_1_4_7_303030_1.csv,9,-0.168282761,298.941478,69.90803454
AOM_L3_1_4_7_303030_1.csv,10,-1.128027848,329.5372652,48.38620213
AOM_L3_1_4_7_303030_1.csv,11,-1.486076783,361.7968511,33.771523
AOM_L3_1_4_7_303030_1.csv,12,-1.521344261,395.5949117,24.77687702
AOM_L3_1_4_7_303030_2.csv,1,-1.826552105,13.12277526,30.38823629
AOM_L3_1_4_7_303030_2.csv,2,0.871976,46.42318795,54.42153505
AOM_L3_1_4_7_303030_2.csv,3,2.631353158,77.35261289,80.58395703
AOM_L3_1_4_7_303030_2.csv,4,6.886910474,110.2641375,107.3902859
AOM_L3_1_4_7_303030_2.csv,5,6.645981342,151.2306202,125.8619662
AOM_L3_1_4_7_303030_2.csv,6,6.210314026,194.6416031,133.1981643
AOM_L3_1_4_7_303030_2.csv,7,4.384851158,238.9286439,130.7066859
AOM_L3_1_4_7_303030_2.csv,8,2.141079368,280.4004171,118.2292469
AOM_L3_1_4_7_303030_2.csv,9,1.120737289,317.3244501,99.08302647
AOM_L3_1_4_7_303030_2.csv,10,0.535786316,350.1649307,78.20295292
AOM_L3_1_4_7_303030_2.csv,11,0.631409947,379.7028277,54.95366111
AOM_L3_1_4_7_303030_2.csv,12,0.716149895,406.9021341,31.18753926
AOM_L3_1_5_8_303030_1.csv,1,0.04763945,3.34889345,35.67286408
AOM_L3_1_5_8_303030_1.csv,2,-3.9128511,29.7630409,70.21492828
AOM_L3_1_5_8_303030_1.csv,3,-7.508894,61.69097377,97.8420441
AOM_L3_1_5_8_303030_1.csv,4,-7.378763025,98.51607688,119.3036685
AOM_L3_1_5_8_303030_1.csv,5,-8.21914245,141.6932419,129.843438
AOM_L3_1_5_8_303030_1.csv,6,-8.7336959,185.808588,128.0070923
AOM_L3_1_5_8_303030_1.csv,7,-7.58295955,228.7004219,116.0154409
AOM_L3_1_5_8_303030_1.csv,8,-5.877880675,267.1066956,93.69834908
AOM_L3_1_5_8_303030_1.csv,9,-2.622634725,299.9557519,68.63889772
AOM_L3_1_5_8_303030_1.csv,10,-0.449522125,332.1253296,47.2892778
AOM_L3_1_5_8_303030_1.csv,11,1.980775775,365.3846078,32.82398705
AOM_L3_1_5_8_303030_1.csv,12,3.592392625,400.2410569,25.12152668
AOM_L3_1_5_8_303030_2.csv,1,-1.374049346,14.30708369,29.70810231
AOM_L3_1_5_8_303030_2.csv,2,-0.969509231,45.24477454,53.53246408
AOM_L3_1_5_8_303030_2.csv,3,-0.131948769,73.37083004,83.6153045
AOM_L3_1_5_8_303030_2.csv,4,3.745214269,105.9520028,110.8428553
AOM_L3_1_5_8_303030_2.csv,5,5.380502308,146.0606994,129.2098977
AOM_L3_1_5_8_303030_2.csv,6,5.782266769,189.7281148,136.2443554
AOM_L3_1_5_8_303030_2.csv,7,6.831671692,234.1961365,132.8371007
AOM_L3_1_5_8_303030_2.csv,8,7.101594846,276.3638834,118.8282636
AOM_L3_1_5_8_303030_2.csv,9,7.679713885,313.5661528,98.27277662
AOM_L3_1_5_8_303030_2.csv,10,7.857524231,347.08253,76.0522605
AOM_L3_1_5_8_303030_2.csv,11,8.530641,377.2697519,52.48954377
AOM_L3_1_5_8_303030_2.csv,12,8.978885115,406.1761368,30.5057335
AOM_L3_1_6_9_303030_1.csv,1,0.23413875,6.039829833,36.14315389
AOM_L3_1_6_9_303030_1.csv,2,-1.495195944,30.11867639,71.64652928
AOM_L3_1_6_9_303030_1.csv,3,-3.792636583,61.13496667,100.7361391
AOM_L3_1_6_9_303030_1.csv,4,-3.108741167,96.680905,122.7183281
AOM_L3_1_6_9_303030_1.csv,5,-4.638356278,139.164115,134.6199976
AOM_L3_1_6_9_303030_1.csv,6,-3.879862167,183.3475579,135.4071905
AOM_L3_1_6_9_303030_1.csv,7,-3.062617556,226.9238721,124.9378027
AOM_L3_1_6_9_303030_1.csv,8,-1.820300917,265.896826,103.9889667
AOM_L3_1_6_9_303030_1.csv,9,-2.062350667,299.082367,76.87951789
AOM_L3_1_6_9_303030_1.csv,10,-0.444022472,330.948277,53.23667578
AOM_L3_1_6_9_303030_1.csv,11,-0.782383139,365.841679,35.99929006
AOM_L3_1_6_9_303030_1.csv,12,-1.558305361,402.0260399,25.47286858
AOM_L3_1_6_9_303030_2.csv,1,-1.717945846,8.288155577,31.16756315
AOM_L3_1_6_9_303030_2.csv,2,-1.311923154,39.14660762,55.50574108
AOM_L3_1_6_9_303030_2.csv,3,-3.071621,66.69682108,85.37388608
AOM_L3_1_6_9_303030_2.csv,4,-1.959546462,98.29453546,112.6485317
AOM_L3_1_6_9_303030_2.csv,5,-4.452677538,137.2736393,132.0360864
AOM_L3_1_6_9_303030_2.csv,6,-5.238522923,180.4001717,141.0204703
AOM_L3_1_6_9_303030_2.csv,7,-6.763455192,225.1960842,139.9142727
AOM_L3_1_6_9_303030_2.csv,8,-8.090828654,266.9876439,127.5347217
AOM_L3_1_6_9_303030_2.csv,9,-7.242325269,305.5855173,107.3103693
AOM_L3_1_6_9_303030_2.csv,10,-4.8323875,339.9545289,83.26664585
AOM_L3_1_6_9_303030_2.csv,11,-3.7590535,371.9390716,57.62413796
AOM_L3_1_6_9_303030_2.csv,12,-3.301566692,401.7033457,31.56492462
AOM_L3_2_4_8_303030_1.csv,1,3.108292231,-4.137022962,21.0293505
AOM_L3_2_4_8_303030_1.csv,2,3.116477538,21.80030292,56.35158862
AOM_L3_2_4_8_303030_1.csv,3,4.740430346,55.28273827,84.33662269
AOM_L3_2_4_8_303030_1.csv,4,7.389314769,92.88917688,105.2846993
AOM_L3_2_4_8_303030_1.csv,5,7.567366962,137.0862169,113.6734615
AOM_L3_2_4_8_303030_1.csv,6,4.238394269,178.5682849,110.4031642
AOM_L3_2_4_8_303030_1.csv,7,0.309327769,219.1309908,95.50891435
AOM_L3_2_4_8_303030_1.csv,8,-1.679544154,254.9471207,71.97255112
AOM_L3_2_4_8_303030_1.csv,9,-1.664953038,287.127675,47.23997788
AOM_L3_2_4_8_303030_1.csv,10,-2.655727192,320.8159449,27.52794538
AOM_L3_2_4_8_303030_1.csv,11,-3.317569,355.9630128,15.06322115
AOM_L3_2_4_8_303030_1.csv,12,-4.652842231,392.1381588,10.32895996
AOM_L3_2_4_8_303030_2.csv,1,2.340273829,9.497920629,12.73089531
AOM_L3_2_4_8_303030_2.csv,2,0.906425886,43.47484931,32.79762391
AOM_L3_2_4_8_303030_2.csv,3,-0.219625143,71.87605694,61.02153014
AOM_L3_2_4_8_303030_2.csv,4,1.083357571,103.6474021,91.08651271
AOM_L3_2_4_8_303030_2.csv,5,1.636650029,142.6688119,111.4051849
AOM_L3_2_4_8_303030_2.csv,6,-0.756543514,183.7314567,121.1047294
AOM_L3_2_4_8_303030_2.csv,7,-1.944168629,227.1470771,119.4410096
AOM_L3_2_4_8_303030_2.csv,8,-2.956300371,268.9499303,106.7872544
AOM_L3_2_4_8_303030_2.csv,9,-3.186653171,306.5670969,87.93285994
AOM_L3_2_4_8_303030_2.csv,10,-3.522253114,341.1826093,65.80117451
AOM_L3_2_4_8_303030_2.csv,11,-3.458444886,371.9488089,43.03703054
AOM_L3_2_4_8_303030_2.csv,12,-3.802874629,400.7038775,17.20214023
AOM_L3_2_5_7_303030_1.csv,1,-0.064580351,2.966704243,21.16131732
AOM_L3_2_5_7_303030_1.csv,2,0.679276865,29.84405492,55.22704592
AOM_L3_2_5_7_303030_1.csv,3,1.951723216,64.17732365,82.33128273
AOM_L3_2_5_7_303030_1.csv,4,3.793952703,102.2056092,101.8284074
AOM_L3_2_5_7_303030_1.csv,5,3.953247784,145.204898,109.1575276
AOM_L3_2_5_7_303030_1.csv,6,3.392933919,188.9419791,105.3387973
AOM_L3_2_5_7_303030_1.csv,7,2.372773595,230.1183422,90.499229
AOM_L3_2_5_7_303030_1.csv,8,1.190818946,266.4899424,66.41123141
AOM_L3_2_5_7_303030_1.csv,9,0.108852541,297.7126251,43.09834157
AOM_L3_2_5_7_303030_1.csv,10,-1.747504973,330.2291532,25.20539019
AOM_L3_2_5_7_303030_1.csv,11,-3.316113135,363.7942843,13.46424808
AOM_L3_2_5_7_303030_1.csv,12,-4.783415054,398.2770634,9.602954919
AOM_L3_2_5_7_303030_2.csv,1,0.353979452,-2.714092405,12.32404074
AOM_L3_2_5_7_303030_2.csv,2,0.749004667,31.97542676,31.06737843
AOM_L3_2_5_7_303030_2.csv,3,-0.052365095,62.16317436,56.98486569
AOM_L3_2_5_7_303030_2.csv,4,-0.321533857,92.8560995,85.43814969
AOM_L3_2_5_7_303030_2.csv,5,-0.212988476,131.8685332,106.9203539
AOM_L3_2_5_7_303030_2.csv,6,-0.823544595,174.3689895,116.9135557
AOM_L3_2_5_7_303030_2.csv,7,-1.568484429,218.418151,115.8071859
AOM_L3_2_5_7_303030_2.csv,8,-2.12207981,260.4755925,104.1042618
AOM_L3_2_5_7_303030_2.csv,9,-2.536623881,297.4582004,85.7756981
AOM_L3_2_5_7_303030_2.csv,10,-2.183026071,331.0113184,64.38296157
AOM_L3_2_5_7_303030_2.csv,11,-1.08244469,360.2621991,40.77824767
AOM_L3_2_5_7_303030_2.csv,12,-0.508245714,387.883053,16.87131295
AOM_L3_2_6_10_303030_1.csv,1,3.554333733,-0.303460933,14.11175017
AOM_L3_2_6_10_303030_1.csv,2,5.7448673,33.3433919,33.71691543
AOM_L3_2_6_10_303030_1.csv,3,7.780582967,62.32181033,61.7867787
AOM_L3_2_6_10_303030_1.csv,4,9.926484233,91.8688276,91.07470427
AOM_L3_2_6_10_303030_1.csv,5,7.5086967,129.5474502,113.0326886
AOM_L3_2_6_10_303030_1.csv,6,4.3647859,170.6476318,123.777627
AOM_L3_2_6_10_303030_1.csv,7,-0.9388069,214.1709743,123.9659244
AOM_L3_2_6_10_303030_1.csv,8,-5.5390683,254.985028,113.5604317
AOM_L3_2_6_10_303030_1.csv,9,-8.428678733,292.7449981,94.65603787
AOM_L3_2_6_10_303030_1.csv,10,-6.6970153,327.7571472,72.04145663
AOM_L3_2_6_10_303030_1.csv,11,-5.8942883,359.7827678,43.63622657
AOM_L3_2_6_10_303030_1.csv,12,-5.1335072,389.0443797,17.44907533
AOM_L3_2_6_10_303030_2.csv,1,-1.051619764,2.443727944,21.78331381
AOM_L3_2_6_10_303030_2.csv,2,1.526661722,28.14629031,56.66102324
AOM_L3_2_6_10_303030_2.csv,3,3.915853542,60.59357961,85.67361325
AOM_L3_2_6_10_303030_2.csv,4,7.460539056,96.33091263,107.2185203
AOM_L3_2_6_10_303030_2.csv,5,6.690571319,139.1485354,118.427934
AOM_L3_2_6_10_303030_2.csv,6,3.918874611,181.3289365,117.6460495
AOM_L3_2_6_10_303030_2.csv,7,-0.497201792,223.4221231,105.6878941
AOM_L3_2_6_10_303030_2.csv,8,-3.751978111,260.3593894,84.50257092
AOM_L3_2_6_10_303030_2.csv,9,-5.879501014,291.2501908,58.61037335
AOM_L3_2_6_10_303030_2.csv,10,-4.284347708,324.609589,36.75356344
AOM_L3_2_6_10_303030_2.csv,11,-3.460649653,360.4955872,19.41294193
AOM_L3_2_6_10_303030_2.csv,12,-3.098423917,397.9469109,10.79737213
AOM_L3_2_9_11_303030_1.csv,1,-0.761378089,3.809633444,21.65518762
AOM_L3_2_9_11_303030_1.csv,2,-1.519234422,28.8034818,56.14208127
AOM_L3_2_9_11_303030_1.csv,3,-0.486117289,61.43952271,84.73712802
AOM_L3_2_9_11_303030_1.csv,4,2.703331889,96.85891144,106.3666659
AOM_L3_2_9_11_303030_1.csv,5,5.0952644,138.4741621,117.4185023
AOM_L3_2_9_11_303030_1.csv,6,4.324102644,179.0308241,116.3317503
AOM_L3_2_9_11_303030_1.csv,7,2.997191356,219.4779568,104.0909141
AOM_L3_2_9_11_303030_1.csv,8,1.888841289,255.5583771,82.18126278
AOM_L3_2_9_11_303030_1.csv,9,1.653792778,287.640176,57.00162558
AOM_L3_2_9_11_303030_1.csv,10,0.159611289,322.1675334,34.0674228
AOM_L3_2_9_11_303030_1.csv,11,-0.489435889,358.9492371,18.85034431
AOM_L3_2_9_11_303030_1.csv,12,-2.140268289,397.739839,9.979636844
AOM_L3_3_4_9_303030_1.csv,1,-1.282589774,0.648925645,20.86195816
AOM_L3_3_4_9_303030_1.csv,2,-2.970367806,25.604058,55.34691684
AOM_L3_3_4_9_303030_1.csv,3,-3.060271323,58.29069339,84.15086832
AOM_L3_3_4_9_303030_1.csv,4,-1.424102581,95.12042894,105.7154485
AOM_L3_3_4_9_303030_1.csv,5,-0.937147452,137.583032,116.6847811
AOM_L3_3_4_9_303030_1.csv,6,-3.586968581,179.5871075,115.3038231
AOM_L3_3_4_9_303030_1.csv,7,-4.527760129,220.0714998,102.9357994
AOM_L3_3_4_9_303030_1.csv,8,-4.377397742,256.0413011,81.30193581
AOM_L3_3_4_9_303030_1.csv,9,-2.568354194,288.5075319,56.57223842
AOM_L3_3_4_9_303030_1.csv,10,-0.854575871,323.0029277,34.04284232
AOM_L3_3_4_9_303030_1.csv,11,-0.551048548,358.9390209,18.07312045
AOM_L3_3_4_9_303030_1.csv,12,-0.584022065,395.9667438,10.67779835
AOM_L3_3_4_9_303030_2.csv,1,-2.055797956,0.580636889,12.96036627
AOM_L3_3_4_9_303030_2.csv,2,-2.120606778,33.15995838,34.1344142
AOM_L3_3_4_9_303030_2.csv,3,-0.478158556,62.0408728,63.73791924
AOM_L3_3_4_9_303030_2.csv,4,2.513450222,92.77366482,93.71935289
AOM_L3_3_4_9_303030_2.csv,5,3.812529667,131.0905555,114.4062273
AOM_L3_3_4_9_303030_2.csv,6,1.183020311,171.9992775,124.10439
AOM_L3_3_4_9_303030_2.csv,7,-0.4445574,214.3731527,122.8112701
AOM_L3_3_4_9_303030_2.csv,8,-2.276701733,254.9579368,110.686959
AOM_L3_3_4_9_303030_2.csv,9,-2.4382036,292.3961697,91.40656438
AOM_L3_3_4_9_303030_2.csv,10,-2.0369976,328.2133077,66.94128289
AOM_L3_3_4_9_303030_2.csv,11,-2.162455356,360.3974623,41.480879
AOM_L3_3_4_9_303030_2.csv,12,-1.705577689,390.941706,16.92918909
AOM_L3_3_5_10_303030_1.csv,1,-0.749000788,0.730059364,20.91511536
AOM_L3_3_5_10_303030_1.csv,2,-2.025676424,26.09453542,55.04842745
AOM_L3_3_5_10_303030_1.csv,3,-1.927537212,58.99328712,83.48879955
AOM_L3_3_5_10_303030_1.csv,4,-0.113915364,95.77242909,105.4199346
AOM_L3_3_5_10_303030_1.csv,5,-0.482611576,138.2368132,115.4809316
AOM_L3_3_5_10_303030_1.csv,6,-0.816483485,181.6216366,115.7422162
AOM_L3_3_5_10_303030_1.csv,7,-0.815187939,222.7344463,105.2082527
AOM_L3_3_5_10_303030_1.csv,8,-0.871233576,259.0057196,84.98678552
AOM_L3_3_5_10_303030_1.csv,9,-1.270309333,290.9373576,59.73032712
AOM_L3_3_5_10_303030_1.csv,10,0.858842424,322.8744091,37.59693318
AOM_L3_3_5_10_303030_1.csv,11,1.126769394,358.9678688,20.06285073
AOM_L3_3_5_10_303030_1.csv,12,0.74076,396.2402973,10.60118312
AOM_L3_3_5_10_303030_2.csv,1,2.26796655,13.6838496,13.08291165
AOM_L3_3_5_10_303030_2.csv,2,2.468813475,47.3231636,32.77271843
AOM_L3_3_5_10_303030_2.csv,3,3.74062185,76.59391205,61.02215643
AOM_L3_3_5_10_303030_2.csv,4,5.153017,107.0785236,90.51832933
AOM_L3_3_5_10_303030_2.csv,5,4.0013807,145.5991089,111.6456758
AOM_L3_3_5_10_303030_2.csv,6,2.226086525,187.3205749,122.9828091
AOM_L3_3_5_10_303030_2.csv,7,0.06079155,229.7173222,123.4289864
AOM_L3_3_5_10_303030_2.csv,8,-2.57236135,270.2138748,112.8994009
AOM_L3_3_5_10_303030_2.csv,9,-4.563254875,307.3748673,94.30288565
AOM_L3_3_5_10_303030_2.csv,10,-2.169347625,341.703492,71.79925295
AOM_L3_3_5_10_303030_2.csv,11,-0.4701136,373.7877265,45.04191637
AOM_L3_3_5_10_303030_2.csv,12,1.26160975,404.272596,17.80354975
AOM_L3_3_6_7_303030_1.csv,1,-1.735564036,1.009679643,20.25304393
AOM_L3_3_6_7_303030_1.csv,2,-2.807006393,27.68898871,54.3158445
AOM_L3_3_6_7_303030_1.csv,3,-2.382846821,61.86609654,81.38178229
AOM_L3_3_6_7_303030_1.csv,4,0.938621107,99.60259407,101.0223784
AOM_L3_3_6_7_303030_1.csv,5,0.70612375,143.6111134,108.189031
AOM_L3_3_6_7_303030_1.csv,6,-1.012412679,186.3071377,104.1196567
AOM_L3_3_6_7_303030_1.csv,7,-1.982075429,227.6729883,88.67854557
AOM_L3_3_6_7_303030_1.csv,8,-0.759367464,264.0726613,64.52916264
AOM_L3_3_6_7_303030_1.csv,9,0.68605925,295.2337287,41.62113564
AOM_L3_3_6_7_303030_1.csv,10,0.680893107,327.9045595,24.35349593
AOM_L3_3_6_7_303030_1.csv,11,0.586113821,362.2246268,14.33291589
AOM_L3_3_6_7_303030_1.csv,12,0.53840475,396.7451629,10.05767143
AOM_L3_3_6_7_303030_2.csv,1,0.359754071,2.360173024,11.72104783
AOM_L3_3_6_7_303030_2.csv,2,-0.416966262,36.85623495,29.37881298
AOM_L3_3_6_7_303030_2.csv,3,-0.053939905,67.48212257,56.100795
AOM_L3_3_6_7_303030_2.csv,4,1.44466319,98.22003033,84.39981064
AOM_L3_3_6_7_303030_2.csv,5,-0.366441333,136.6843235,104.7703029
AOM_L3_3_6_7_303030_2.csv,6,-1.840207905,179.0646562,115.0198252
AOM_L3_3_6_7_303030_2.csv,7,-3.040651714,223.2491506,114.1268913
AOM_L3_3_6_7_303030_2.csv,8,-3.238002167,265.4623886,102.7184138
AOM_L3_3_6_7_303030_2.csv,9,-3.338747333,302.3107445,85.01679412
AOM_L3_3_6_7_303030_2.csv,10,-3.026725667,335.9853334,64.21449007
AOM_L3_3_6_7_303030_2.csv,11,-2.618342452,366.0512396,40.95320895
AOM_L3_3_6_7_303030_2.csv,12,-2.89660919,392.9900542,16.74490724
AOM_L3_3_8_11_303030_1.csv,1,-0.040533,1.67568748,20.98930482
AOM_L3_3_8_11_303030_1.csv,2,-0.73501032,25.77476904,56.51687076
AOM_L3_3_8_11_303030_1.csv,3,0.06786316,58.0055384,85.78392316
AOM_L3_3_8_11_303030_1.csv,4,2.76639482,93.7279015,109.1233479
AOM_L3_3_8_11_303030_1.csv,5,4.02788312,136.0718231,121.2164816
AOM_L3_3_8_11_303030_1.csv,6,2.08509538,177.8946746,120.061194
AOM_L3_3_8_11_303030_1.csv,7,-0.45222658,218.939097,107.8975139
AOM_L3_3_8_11_303030_1.csv,8,-1.32232342,256.3815637,86.09604022
AOM_L3_3_8_11_303030_1.csv,9,-0.0880644,288.7270307,58.80284424
AOM_L3_3_8_11_303030_1.csv,10,0.43427248,321.8945343,35.20481352
AOM_L3_3_8_11_303030_1.csv,11,2.01630282,358.4481537,20.4709983
AOM_L3_3_8_11_303030_1.csv,12,2.7217684,397.4968023,11.24170942
AOM_L3_4_5_6_303030_1.csv,1,1.009642724,-2.20506369,33.78272369
AOM_L3_4_5_6_303030_1.csv,2,1.177575276,24.86094052,66.98620079
AOM_L3_4_5_6_303030_1.csv,3,1.535623448,57.92656848,93.8132159
AOM_L3_4_5_6_303030_1.csv,4,4.212608966,95.05607103,115.049029
AOM_L3_4_5_6_303030_1.csv,5,4.047135034,138.327079,124.7107773
AOM_L3_4_5_6_303030_1.csv,6,3.494674034,182.8186361,123.4375124
AOM_L3_4_5_6_303030_1.csv,7,3.530568931,225.5250902,112.0063078
AOM_L3_4_5_6_303030_1.csv,8,4.221305897,263.6822931,92.5096519
AOM_L3_4_5_6_303030_1.csv,9,4.38871231,297.2524751,69.60058969
AOM_L3_4_5_6_303030_1.csv,10,3.919690931,328.0955969,48.76782507
AOM_L3_4_5_6_303030_1.csv,11,3.44794331,359.9543541,33.60000655
AOM_L3_4_5_6_303030_1.csv,12,3.491166862,393.4381566,25.21724462
AOM_L3_4_5_6_303030_2.csv,1,2.577925811,8.381276698,27.26757232
AOM_L3_4_5_6_303030_2.csv,2,0.664787358,39.33431466,49.65704791
AOM_L3_4_5_6_303030_2.csv,3,-0.530604849,69.03814843,78.61208055
AOM_L3_4_5_6_303030_2.csv,4,1.055760623,102.3873026,105.7596423
AOM_L3_4_5_6_303030_2.csv,5,-0.207770755,143.171556,122.6009914
AOM_L3_4_5_6_303030_2.csv,6,-0.35210434,186.8567217,129.5097535
AOM_L3_4_5_6_303030_2.csv,7,-0.435215717,231.0142235,126.9314689
AOM_L3_4_5_6_303030_2.csv,8,0.457917736,272.3573735,114.9611882
AOM_L3_4_5_6_303030_2.csv,9,1.486128019,309.6401811,96.83857381
AOM_L3_4_5_6_303030_2.csv,10,2.540174981,342.6622164,76.11789802
AOM_L3_4_5_6_303030_2.csv,11,3.787237981,372.1488671,52.86512215
AOM_L3_4_5_6_303030_2.csv,12,4.471177528,399.9684535,30.3685047
AOM_L3_5_9_12_303030_1.csv,1,-0.723648118,1.918001392,20.02022133
AOM_L3_5_9_12_303030_1.csv,2,-2.216893824,25.34221969,54.26972435
AOM_L3_5_9_12_303030_1.csv,3,-2.517386098,55.48809073,83.26196741
AOM_L3_5_9_12_303030_1.csv,4,-1.498866922,89.98274465,107.2936419
AOM_L3_5_9_12_303030_1.csv,5,-0.235324196,131.3572439,120.2056506
AOM_L3_5_9_12_303030_1.csv,6,1.182722275,175.1088783,122.9395016
AOM_L3_5_9_12_303030_1.csv,7,1.730577824,217.730358,112.9974192
AOM_L3_5_9_12_303030_1.csv,8,0.609691294,256.5022187,92.81911794
AOM_L3_5_9_12_303030_1.csv,9,1.022300882,288.915866,67.18268602
AOM_L3_5_9_12_303030_1.csv,10,-0.331391588,321.8836514,42.66214588
AOM_L3_5_9_12_303030_1.csv,11,-1.572938,358.9117049,26.94131404
AOM_L3_5_9_12_303030_1.csv,12,-3.026251706,397.4973689,16.38754131
AOM_L3_5_9_12_303030_2.csv,1,-0.132479538,5.476509103,16.16283087
AOM_L3_5_9_12_303030_2.csv,2,-2.005337821,32.44082179,41.88717869
AOM_L3_5_9_12_303030_2.csv,3,-2.666378385,60.26218849,72.89276985
AOM_L3_5_9_12_303030_2.csv,4,-1.593233974,91.94259523,100.6191927
AOM_L3_5_9_12_303030_2.csv,5,-0.647075256,131.3862868,118.6706548
AOM_L3_5_9_12_303030_2.csv,6,0.049623282,174.1700702,127.6944918
AOM_L3_5_9_12_303030_2.csv,7,-0.471869231,217.6601305,124.9125362
AOM_L3_5_9_12_303030_2.csv,8,-1.914043231,258.9841255,112.1678779
AOM_L3_5_9_12_303030_2.csv,9,-0.711391564,296.3585596,91.71645115
AOM_L3_5_9_12_303030_2.csv,10,-0.429034564,331.3609172,66.86099085
AOM_L3_5_9_12_303030_2.csv,11,-0.043402128,365.4381564,43.27070221
AOM_L3_5_9_12_303030_2.csv,12,-0.627086385,397.7091283,18.61682218
AOM_L3_6_8_12_303030_1.csv,1,-0.770417652,3.106501457,18.9409238
AOM_L3_6_8_12_303030_1.csv,2,-1.928274326,25.26183059,49.69366546
AOM_L3_6_8_12_303030_1.csv,3,-1.429417326,54.65122409,75.84428011
AOM_L3_6_8_12_303030_1.csv,4,-0.083488283,87.51102946,97.82346211
AOM_L3_6_8_12_303030_1.csv,5,-2.361074065,127.6209518,109.4038302
AOM_L3_6_8_12_303030_1.csv,6,-3.030300478,170.3115068,110.6735974
AOM_L3_6_8_12_303030_1.csv,7,-5.4494335,213.049065,100.9352423
AOM_L3_6_8_12_303030_1.csv,8,-6.598427,252.3925619,81.02137809
AOM_L3_6_8_12_303030_1.csv,9,-6.289443543,285.5958677,55.39291061
AOM_L3_6_8_12_303030_1.csv,10,-5.284816174,320.3111698,34.58214378
AOM_L3_6_8_12_303030_1.csv,11,-3.809143739,358.4152335,22.43451783
AOM_L3_6_8_12_303030_1.csv,12,-2.703110087,398.0217915,15.42442628
AOM_L3_6_8_12_303030_2.csv,1,-1.390166488,1.153922013,11.94005858
AOM_L3_6_8_12_303030_2.csv,2,-0.858397175,30.28908398,31.13808075
AOM_L3_6_8_12_303030_2.csv,3,0.496771425,56.45738021,56.53313636
AOM_L3_6_8_12_303030_2.csv,4,2.108465038,84.6462344,83.07238398
AOM_L3_6_8_12_303030_2.csv,5,1.045175488,120.6470039,104.1332195
AOM_L3_6_8_12_303030_2.csv,6,2.485558738,161.9418953,116.1403903
AOM_L3_6_8_12_303030_2.csv,7,1.254315175,205.6143278,117.522271
AOM_L3_6_8_12_303030_2.csv,8,0.866538163,249.0627621,107.8993948
AOM_L3_6_8_12_303030_2.csv,9,0.754191738,288.2543331,89.16317705
AOM_L3_6_8_12_303030_2.csv,10,1.136222275,324.155608,67.18463555
AOM_L3_6_8_12_303030_2.csv,11,1.38569175,359.1028858,42.63897166
AOM_L3_6_8_12_303030_2.csv,12,0.240385087,390.703204,18.87998173
AOM_L3_7_8_9_303030_1.csv,1,0.109315609,5.97231813,31.90474187
AOM_L3_7_8_9_303030_1.csv,2,-0.171980957,27.57846604,63.98759926
AOM_L3_7_8_9_303030_1.csv,3,-0.966453391,57.56510387,87.36761709
AOM_L3_7_8_9_303030_1.csv,4,0.415481478,90.56752409,105.3905573
AOM_L3_7_8_9_303030_1.csv,5,-0.992090826,129.7313119,114.297949
AOM_L3_7_8_9_303030_1.csv,6,-0.927526652,170.8245988,112.820612
AOM_L3_7_8_9_303030_1.csv,7,-2.707000739,212.3113576,101.4602917
AOM_L3_7_8_9_303030_1.csv,8,-3.653423783,251.1089332,81.07383196
AOM_L3_7_8_9_303030_1.csv,9,-1.755047261,286.1275475,57.13096809
AOM_L3_7_8_9_303030_1.csv,10,0.845324565,322.2183521,38.3704403
AOM_L3_7_8_9_303030_1.csv,11,2.009240826,360.4162054,27.14907535
AOM_L3_7_8_9_303030_1.csv,12,2.742787478,399.4409989,23.854862
AOM_L3_7_8_9_303030_2.csv,1,-4.507002348,6.938350136,26.35343894
AOM_L3_7_8_9_303030_2.csv,2,-3.105419333,35.47606588,44.94541339
AOM_L3_7_8_9_303030_2.csv,3,-1.896642682,61.56837533,70.81259168
AOM_L3_7_8_9_303030_2.csv,4,0.013370182,89.16171977,95.56471548
AOM_L3_7_8_9_303030_2.csv,5,-2.093654667,124.6250143,114.9122822
AOM_L3_7_8_9_303030_2.csv,6,-2.619468197,165.0172783,124.5795116
AOM_L3_7_8_9_303030_2.csv,7,-5.965148636,208.3531263,124.3960955
AOM_L3_7_8_9_303030_2.csv,8,-9.581872909,250.6437623,114.6039278
AOM_L3_7_8_9_303030_2.csv,9,-9.347752364,290.7226202,96.25002658
AOM_L3_7_8_9_303030_2.csv,10,-7.463263682,327.6893084,74.31669656
AOM_L3_7_8_9_303030_2.csv,11,-6.21814303,362.397399,50.99364597
AOM_L3_7_8_9_303030_2.csv,12,-5.180522258,396.0609293,29.27591568
