0,0.000000,314.925385,-0.295421,137.198349,326.632629,-5.258342,517.314392,58.834381,-5.437305,527.587952,210.607590,19.864887,488.399719,211.660141,-2.130537,520.266052,209.683456,39.844742,453.476318,199.676376,-1.929021,145.322037,331.896576,68.930191,328.143494,198.864548,18.668304,176.114044,199.048233,42.919079,209.918030,35.510410,59.526772,338.776611,204.021835,78.794731,332.634796,208.697372,58.552319,416.724304,207.170181,71.729599,375.960144,201.427719,72.796547,289.166107,199.722015,64.229675,246.419739,44.292580,-3.905847,148.120300
1,0.008333,314.932495,-0.282436,137.197952,326.632843,-5.252367,517.310852,58.835957,-5.446018,527.584778,210.607315,19.859072,488.399353,211.662399,-2.127131,520.264771,209.685776,39.845367,453.472778,199.681168,-1.916821,145.321152,331.901123,68.932831,328.141022,198.865753,18.672810,176.112946,199.046417,42.913990,209.915604,35.519081,59.538746,338.775360,204.022095,78.787659,332.634186,208.699020,58.550533,416.722534,207.168747,71.718658,375.961792,201.428711,72.797890,289.165466,199.722763,64.233238,246.415375,44.277569,-3.928772,148.111618
2,0.016667,314.929718,-0.276670,137.196716,326.634918,-5.240339,517.311829,58.843136,-5.417362,527.583740,210.608215,19.872742,488.397827,211.663345,-2.109416,520.265015,209.685776,39.857052,453.476593,199.679413,-1.908533,145.322845,331.898560,68.944366,328.142517,198.866745,18.686829,176.114914,199.052765,42.937141,209.918610,35.514503,59.541744,338.779572,204.024155,78.812195,332.639832,208.698410,58.563110,416.726013,207.171600,71.739243,375.961853,201.428497,72.815819,289.168182,199.730118,64.252846,246.416458,44.278904,-3.920644,148.113403
3,0.025000,314.931885,-0.281588,137.194992,326.635773,-5.257921,517.310791,58.841267,-5.441601,527.586060,210.608917,19.873074,488.393616,211.664825,-2.120051,520.263062,209.681595,39.841835,453.473816,199.679169,-1.919010,145.323303,331.898071,68.934921,328.139648,198.863220,18.671764,176.113174,199.048294,42.921146,209.916794,35.509113,59.528294,338.777466,204.020615,78.796844,332.634735,208.697739,58.556602,416.723877,207.168930,71.725197,375.959473,201.425751,72.791649,289.167267,199.725952,64.240646,246.410858,44.274818,-3.933149,148.106827
4,0.033333,314.932159,-0.279591,137.196869,326.633759,-5.262083,517.310974,58.836147,-5.444147,527.587891,210.605621,19.863350,488.396362,211.660553,-2.132241,520.264893,209.677902,39.837746,453.476440,199.680389,-1.921666,145.321854,331.897095,68.928856,328.143433,198.865250,18.668947,176.112656,199.047699,42.915413,209.921463,35.504356,59.515545,338.775726,204.019638,78.789955,332.633240,208.698578,58.555561,416.721344,207.167480,71.724754,375.962524,201.422562,72.791718,289.167419,199.729431,64.243889,246.413864,44.272408,-3.933931,148.112701
5,0.041667,314.927582,-0.278553,137.198029,326.633148,-5.252856,517.312988,58.838207,-5.436497,527.585693,210.608948,19.864885,488.398651,211.663422,-2.120661,520.268127,209.688507,39.852062,453.475861,199.683365,-1.913388,145.321350,331.899078,68.937050,328.142181,198.864853,18.673813,176.112259,199.047897,42.917530,209.921692,35.512936,59.531792,338.781464,204.024445,78.797516,332.636475,208.700912,58.555294,416.723969,207.171677,71.732803,375.961334,201.429092,72.798447,289.168396,199.725372,64.240936,246.418991,44.277668,-3.924998,148.112564
6,0.050000,314.929840,-0.278837,137.197052,326.635712,-5.242955,517.310242,58.843704,-5.424924,527.582764,210.605179,19.870377,488.399139,211.664566,-2.116286,520.262146,209.690796,39.859814,453.473541,199.681992,-1.910253,145.320236,331.898407,68.941879,328.142487,198.868958,18.677399,176.112930,199.048950,42.927917,209.918381,35.521427,59.546261,338.777557,204.023392,78.803535,332.634796,208.700653,58.564381,416.722870,207.171310,71.739433,375.962799,201.425400,72.796974,289.166382,199.724609,64.239029,246.421432,44.277241,-3.926230,148.113235
7,0.058333,314.929901,-0.283708,137.196640,326.634918,-5.256784,517.313477,58.839310,-5.432967,527.588257,210.606689,19.867064,488.398865,211.663834,-2.128326,520.267151,209.684052,39.847725,453.476135,199.675812,-1.923122,145.323517,331.898865,68.930527,328.144897,198.864426,18.670504,176.110886,199.044693,42.922417,209.917786,35.514587,59.538898,338.778381,204.021896,78.803558,332.633270,208.697250,58.556141,416.722626,207.165359,71.728745,375.962830,201.422882,72.795250,289.168274,199.719788,64.229172,246.420670,44.271046,-3.936992,148.111435
8,0.066667,314.932068,-0.280905,137.197937,326.631744,-5.253146,517.308167,58.836376,-5.436132,527.583130,210.606979,19.865164,488.397461,211.664566,-2.131189,520.263184,209.683426,39.846333,453.475189,199.677307,-1.913058,145.324554,331.898102,68.934105,328.143219,198.866989,18.675823,176.111145,199.046661,42.914162,209.919571,35.510818,59.534279,338.774902,204.024033,78.804108,332.631439,208.697861,58.561718,416.721558,207.165710,71.723976,375.962952,201.422501,72.795464,289.164001,199.727219,64.232445,246.419159,44.274246,-3.934917,148.111755
9,0.075000,314.928589,-0.282533,137.194122,326.634369,-5.247464,517.311157,58.839050,-5.432417,527.586914,210.609100,19.871099,488.399170,211.663925,-2.119859,520.264893,209.687912,39.853241,453.477600,199.680573,-1.909810,145.326126,331.899323,68.931961,328.144409,198.866165,18.679678,176.114075,199.051422,42.925346,209.919296,35.515499,59.531807,338.778961,204.023621,78.797905,332.634796,208.704056,58.558548,416.724243,207.170517,71.729591,375.963531,201.426605,72.792061,289.170898,199.726074,64.240555,246.418304,44.274715,-3.932071,148.112015
10,0.083333,314.930969,-0.275206,137.195160,326.631653,-5.255990,517.313416,58.839554,-5.433886,527.586426,210.603531,19.864473,488.400665,211.661179,-2.120693,520.266663,209.686676,39.853878,453.475861,199.680618,-1.908127,145.322327,331.899445,68.941772,328.141663,198.864883,18.674427,176.114944,199.050507,42.925240,209.918961,35.512714,59.536350,338.777069,204.022018,78.802383,332.634155,208.698425,58.556194,416.723907,207.169342,71.739868,375.963440,201.424423,72.802078,289.165924,199.725403,64.244270,246.418808,44.275208,-3.927614,148.111008
11,0.091667,314.928894,-0.279287,137.198349,326.633118,-5.261908,517.316406,58.833832,-5.442937,527.589966,210.607086,19.864367,488.398651,211.663879,-2.124772,520.270081,209.679916,39.843719,453.478516,199.675247,-1.928404,145.318619,331.897003,68.931519,328.141571,198.861877,18.665363,176.112854,199.047256,42.913960,209.917557,35.511528,59.531853,338.775177,204.018463,78.794029,332.638275,208.694824,58.553238,416.722656,207.168121,71.728905,375.964661,201.423782,72.796234,289.167114,199.720825,64.236069,246.417175,44.272781,-3.932230,148.111343
12,0.100000,314.932098,-0.279087,137.194061,326.633667,-5.251915,517.310364,58.841187,-5.425634,527.587952,210.609222,19.869705,488.397736,211.664383,-2.117258,520.266418,209.689346,39.857628,453.474976,199.676758,-1.917842,145.319214,331.899811,68.937286,328.144592,198.866135,18.672401,176.112091,199.049835,42.924980,209.917862,35.516621,59.539951,338.776978,204.020020,78.800804,332.640259,208.698868,58.562794,416.722961,207.168365,71.734848,375.962646,201.425278,72.801605,289.168243,199.726883,64.241364,246.418213,44.275650,-3.928258,148.110977
13,0.108333,314.933044,-0.271225,137.197220,326.632568,-5.254280,517.313293,58.839767,-5.429223,527.586487,210.608810,19.871347,488.398651,211.662460,-2.122997,520.264526,209.689194,39.853905,453.476318,199.683517,-1.909001,145.320267,331.902557,68.939598,328.144928,198.866302,18.675974,176.111725,199.052216,42.919331,209.919495,35.517570,59.534561,338.777954,204.020523,78.792023,332.641327,208.699524,58.554020,416.723633,207.172150,71.737328,375.960327,201.426331,72.795044,289.167999,199.728592,64.239288,246.417511,44.276405,-3.929067,148.108978
14,0.116667,314.926880,-0.286965,137.195129,326.633026,-5.252240,517.312866,58.838146,-5.433241,527.587036,210.608200,19.868597,488.398743,211.661316,-2.119152,520.265564,209.684967,39.844231,453.477509,199.686493,-1.907630,145.320145,331.895721,68.927391,328.145233,198.863968,18.671595,176.112823,199.049088,42.922230,209.919006,35.510983,59.532196,338.777924,204.020798,78.795242,332.639465,208.695679,58.554745,416.722870,207.171448,71.736801,375.960236,201.424438,72.791702,289.168060,199.721359,64.233284,246.419769,44.270824,-3.935467,148.110321
15,0.125000,314.927826,-0.289516,137.196289,326.634430,-5.253823,517.314026,58.839462,-5.430195,527.587219,210.607330,19.863989,488.398926,211.661285,-2.126731,520.263794,209.683853,39.847305,453.475189,199.680466,-1.918405,145.318253,331.896973,68.939003,328.143707,198.864746,18.673010,176.111084,199.049408,42.925762,209.917343,35.508724,59.531612,338.773956,204.019592,78.802162,332.635529,208.698349,58.561241,416.726868,207.168610,71.738663,375.960938,201.423294,72.801796,289.166290,199.722183,64.232529,246.418777,44.277546,-3.925959,148.111832
16,0.133333,314.929901,-0.287931,137.193634,326.634827,-5.242363,517.313232,58.838505,-5.442235,527.586548,210.605682,19.860710,488.399719,211.661011,-2.130106,520.268250,209.685989,39.855358,453.476166,199.680740,-1.921641,145.316406,331.897614,68.938843,328.143494,198.865601,18.670845,176.111206,199.051224,42.927418,209.918991,35.512245,59.532856,338.776978,204.018906,78.799973,332.638275,208.699936,58.556740,416.725250,207.168198,71.737282,375.964233,201.423859,72.799149,289.166779,199.724014,64.239876,246.418808,44.274956,-3.929667,148.108307
17,0.141667,314.928070,-0.280097,137.193100,326.633667,-5.247964,517.313538,58.845299,-5.426777,527.588440,210.606674,19.868340,488.402802,211.664383,-2.122956,520.268127,209.689865,39.858742,453.479614,199.680084,-1.912778,145.317169,331.898254,68.935738,328.144989,198.864868,18.680035,176.113327,199.050095,42.926575,209.920441,35.516666,59.538425,338.776642,204.021469,78.797661,332.639282,208.699112,58.557529,416.725067,207.168564,71.732620,375.964630,201.425232,72.799736,289.171417,199.730698,64.242615,246.417831,44.277920,-3.920426,148.110229
18,0.150000,314.932159,-0.277216,137.192322,326.633270,-5.250402,517.313477,58.837936,-5.441731,527.588989,210.604340,19.863768,488.400696,211.661835,-2.125507,520.267517,209.680756,39.844383,453.478821,199.680481,-1.912069,145.319366,331.897614,68.929680,328.142456,198.864075,18.673292,176.111893,199.046204,42.919552,209.916809,35.507347,59.525852,338.775848,204.019058,78.787003,332.639343,208.698593,58.554790,416.723846,207.168503,71.725227,375.961670,201.421112,72.786911,289.169830,199.725571,64.238632,246.415283,44.291794,-3.905477,148.114929
19,0.158333,314.930481,-0.273830,137.198486,326.635193,-5.242468,517.314941,58.845249,-5.419960,527.588562,210.605286,19.868896,488.402557,211.665436,-2.114164,520.270447,209.687393,39.860920,453.474579,199.681702,-1.912019,145.321350,331.898987,68.937119,328.144165,198.864273,18.671928,176.112579,199.048035,42.923946,209.919418,35.514996,59.537605,338.776398,204.021423,78.802597,332.638947,208.698776,58.568218,416.727081,207.169907,71.741043,375.962524,201.422333,72.797066,289.169861,199.723938,64.240654,246.419266,44.272060,-3.933762,148.107239
20,0.166667,314.927856,-0.285310,137.195984,326.635437,-5.250255,517.311096,58.835491,-5.430044,527.588318,210.604797,19.861813,488.400604,211.661667,-2.127515,520.266052,209.687469,39.858471,453.474243,199.680511,-1.913914,145.317932,331.895569,68.937164,328.144684,198.865509,18.673119,176.110199,199.045731,42.917000,209.911697,35.515079,59.538586,338.774414,204.020416,78.807426,332.636078,208.694885,58.557213,416.720795,207.166672,71.738640,375.961609,201.421585,72.796867,289.168091,199.721481,64.234116,246.416504,44.276894,-3.930823,148.110992
21,0.175000,314.925659,-0.295464,137.191910,326.636169,-5.245195,517.312378,58.840729,-5.432024,527.586609,210.606796,19.862654,488.400787,211.663406,-2.133644,520.268250,209.687607,39.852642,453.477753,199.680450,-1.921364,145.315079,331.899414,68.933815,328.144226,198.867676,18.671017,176.110001,199.048752,42.924576,209.921478,35.513802,59.533947,338.773621,204.020401,78.798370,332.636230,208.698456,58.551399,416.724792,207.172501,71.730804,375.962067,201.422745,72.790207,289.170135,199.723572,64.235291,246.416687,44.268955,-3.941226,148.108490
22,0.183333,314.928070,-0.283166,137.195099,326.632233,-5.247788,517.313293,58.840363,-5.428342,527.587280,210.606445,19.868439,488.399719,211.664337,-2.105203,520.268372,209.686188,39.853863,453.479401,199.675568,-1.918393,145.317078,331.896332,68.933250,328.143280,198.866989,18.679415,176.110626,199.048355,42.924789,209.917480,35.510902,59.532730,338.776733,204.019058,78.797935,332.637939,208.699860,58.560570,416.724243,207.172653,71.739029,375.960541,201.426285,72.792526,289.169098,199.724457,64.241051,246.417114,44.274235,-3.921376,148.115021
23,0.191667,314.928009,-0.288332,137.186157,326.634583,-5.244667,517.315063,58.839268,-5.434314,527.587036,210.607941,19.865406,488.397278,211.664627,-2.122196,520.264893,209.685394,39.846172,453.477203,199.682922,-1.910284,145.317276,331.897186,68.934624,328.142700,198.865219,18.670044,176.109650,199.050354,42.922028,209.917374,35.509674,59.535202,338.776733,204.016968,78.790855,332.639221,208.699982,58.563557,416.723938,207.170639,71.739204,375.960968,201.425476,72.797836,289.167389,199.725540,64.236694,246.415588,44.276382,-3.937577,148.104858
24,0.200000,314.929626,-0.271685,137.189468,326.635681,-5.245398,517.314758,58.839897,-5.418467,527.588013,210.606857,19.873007,488.398529,211.667297,-2.117942,520.269287,209.687271,39.858631,453.479309,199.680344,-1.912523,145.314240,331.896637,68.942818,328.145142,198.863861,18.675550,176.113022,199.048904,42.930298,209.918518,35.512348,59.538944,338.776428,204.017380,78.800598,332.640320,208.696411,58.566765,416.724701,207.192154,71.786514,375.952240,201.422470,72.804268,289.168335,199.724625,64.243179,246.416199,44.279205,-3.924908,148.109497
25,0.208333,314.931091,-0.276118,137.191589,326.636292,-5.250311,517.315186,58.837906,-5.437829,527.586975,210.605087,19.864138,488.400330,211.661438,-2.131236,520.265991,209.686569,39.846218,453.477325,199.680176,-1.917969,145.317352,331.899719,68.926460,328.143372,198.864075,18.670862,176.110825,199.047333,42.912868,209.913086,35.510429,59.527912,338.775116,204.019669,78.784912,332.635895,208.698242,58.545914,416.725769,207.173706,71.733742,375.953644,201.424118,72.795387,289.168671,199.724945,64.235817,246.416733,44.283928,-3.919843,148.112137
26,0.216667,314.929413,-0.281820,137.190460,326.635529,-5.251596,517.315186,58.841866,-5.426814,527.587952,210.606659,19.869118,488.402954,211.665680,-2.120870,520.270081,209.685181,39.853889,453.477417,199.678772,-1.926571,145.314850,331.896545,68.929779,328.144165,198.862823,18.671309,176.111938,199.050919,42.922203,209.917786,35.511318,59.531536,338.779114,204.016861,78.792068,332.638306,208.697571,58.560329,416.725525,207.166687,71.728241,375.967957,201.424683,72.798134,289.171295,199.723495,64.233871,246.417328,44.272869,-3.935045,148.107285
27,0.225000,314.927826,-0.285814,137.192383,326.635193,-5.247473,517.313110,58.840813,-5.423377,527.588867,210.607590,19.861368,488.403076,211.662277,-2.126649,520.268005,209.686340,39.858200,453.474731,199.682159,-1.914836,145.318634,331.899170,68.939552,328.143311,198.867172,18.671555,176.109787,199.050827,42.932343,209.918976,35.513161,59.535088,338.776672,204.019897,78.804276,332.637360,208.699631,58.566067,416.724487,207.167038,71.729614,375.968567,201.420166,72.797508,289.169067,199.728180,64.240845,246.415665,44.272091,-3.932368,148.107834
28,0.233333,314.930023,-0.281017,137.187988,326.636993,-5.248063,517.312012,58.839680,-5.424875,527.586060,210.606735,19.863281,488.401703,211.667770,-2.115662,520.264709,209.687164,39.856602,453.475006,199.686523,-1.900768,145.314514,331.898621,68.938416,328.139954,198.867508,18.678888,176.107986,199.050674,42.928535,209.917389,35.512146,59.536255,338.775604,204.020096,78.798820,332.634033,208.695572,58.562702,416.722687,207.169769,71.738800,375.960876,201.423431,72.799332,289.166443,199.724960,64.243683,246.413651,44.273754,-3.929179,148.106964
29,0.241667,314.927979,-0.287742,137.193802,326.636749,-5.260004,517.318665,58.837814,-5.434362,527.592651,210.605301,19.864208,488.404327,211.663254,-2.130645,520.270935,209.686646,39.846909,453.483032,199.677414,-1.921134,145.312561,331.897552,68.929298,328.141846,198.864029,18.667154,176.110764,199.046738,42.911503,209.917618,35.515312,59.534206,338.777679,204.018784,78.789253,332.638947,208.694611,58.552044,416.725891,207.169556,71.728554,375.959106,201.424103,72.788658,289.169128,199.721329,64.234596,246.416138,44.264046,-3.950943,148.108627
30,0.250000,314.927917,-0.288718,137.189774,326.637726,-5.252124,517.313232,58.840492,-5.423597,527.583130,210.607346,19.867073,488.401367,211.667587,-2.110839,520.267395,209.686386,39.844284,453.476990,199.679749,-1.919870,145.307510,331.897461,68.924126,328.139648,198.865097,18.671730,176.111862,199.051682,42.924305,209.918167,35.513649,59.533646,338.771149,204.019623,78.794411,332.634766,208.699234,58.553345,416.724854,207.169022,71.732643,375.961823,201.425369,72.796135,289.168304,199.722870,64.229172,246.417679,44.274750,-3.928447,148.108704
31,0.258333,314.930328,-0.275268,137.191925,326.637726,-5.249820,517.317505,58.839497,-5.422320,527.582397,210.606430,19.870275,488.399933,211.664993,-2.118724,520.268799,209.688553,39.852753,453.479706,199.680893,-1.916372,145.311584,331.895813,68.935341,328.142761,198.862610,18.665401,176.110352,199.050278,42.927391,209.915802,35.515945,59.541431,338.776367,204.021210,78.799034,332.639709,208.700272,58.557991,416.724731,207.171188,71.737663,375.963196,201.424240,72.795967,289.169098,199.722443,64.238441,246.419479,44.273296,-3.932209,148.108414
32,0.266667,314.929047,-0.269731,137.189758,326.638550,-5.245118,517.313354,58.841873,-5.414649,527.581543,210.609207,19.878048,488.398712,211.663406,-2.113241,520.264771,209.687424,39.861099,453.477539,199.681732,-1.909083,145.313232,331.899200,68.939819,328.141144,198.863281,18.680826,176.110748,199.047195,42.928329,209.912994,35.515602,59.543118,338.774628,204.019791,78.806778,332.635925,208.697845,58.567791,416.722656,207.170700,71.746651,375.959930,201.423721,72.802536,289.167786,199.724777,64.236610,246.413696,44.275200,-3.924138,148.107971
33,0.275000,314.926575,-0.300858,137.188293,326.636810,-5.263623,517.317261,58.838348,-5.435248,527.589050,210.608475,19.862684,488.399750,211.661407,-2.134506,520.272522,209.683716,39.850086,453.472351,199.679581,-1.925188,145.315781,331.896484,68.923195,328.143585,198.866592,18.664125,176.109741,199.047302,42.909794,209.915985,35.512856,59.524933,338.774719,204.019760,78.787392,332.633148,208.695557,58.549377,416.726440,207.168457,71.726875,375.958649,201.422775,72.784836,289.167206,199.724991,64.234306,246.413864,44.268070,-3.945846,148.107437
34,0.283333,314.927490,-0.288234,137.191238,326.637573,-5.243796,517.312256,58.843319,-5.420157,527.584229,210.609085,19.867823,488.399170,211.665497,-2.123363,520.269165,209.689362,39.855923,453.475037,199.679443,-1.914899,145.313492,331.898315,68.936890,328.142365,198.864273,18.673979,176.110199,199.050613,42.923801,209.920868,35.517242,59.538605,338.771881,204.023499,78.802711,332.635590,208.700211,58.558739,416.725006,207.170197,71.739273,375.958221,201.426605,72.796310,289.168335,199.726013,64.242615,246.415024,44.275002,-3.929003,148.110855
35,0.291667,314.928131,-0.286080,137.192154,326.633118,-5.252278,517.313477,58.841339,-5.422936,527.583984,210.608719,19.868221,488.402039,211.662308,-2.131414,520.270752,209.686539,39.849518,453.480804,199.685303,-1.908075,145.312469,331.897827,68.929359,328.142487,198.862564,18.675941,176.110092,199.048782,42.923096,209.915176,35.519821,59.546204,338.773712,204.018448,78.793968,332.636993,208.698013,58.554630,416.725220,207.170364,71.736557,375.961548,201.424911,72.794281,289.166229,199.723969,64.242630,246.415451,44.275745,-3.930023,148.109131
36,0.300000,314.928345,-0.285452,137.189346,326.636963,-5.250939,517.312195,58.845215,-5.415881,527.580261,210.609344,19.868025,488.399658,211.665527,-2.126439,520.269165,209.683838,39.852699,453.479309,199.688232,-1.904141,145.312149,331.897552,68.942146,328.140869,198.866241,18.672371,176.109848,199.047928,42.926777,209.916107,35.514702,59.538712,338.777100,204.018646,78.798965,332.637268,208.695831,58.558750,416.722626,207.168533,71.738472,375.961700,201.422623,72.795044,289.162903,199.724838,64.238358,246.415710,44.275875,-3.929787,148.107407
37,0.308333,314.924988,-0.291502,137.190826,326.637207,-5.256906,517.311707,58.838936,-5.428668,527.585266,210.606400,19.865725,488.402283,211.660309,-2.136639,520.268860,209.682251,39.845932,453.476227,199.686218,-1.904096,145.314728,331.894531,68.925117,328.139282,198.864594,18.669941,176.108719,199.044144,42.915833,209.916412,35.509918,59.525848,338.777130,204.019913,78.796509,332.635925,208.695450,58.554550,416.723328,207.168228,71.730690,375.957947,201.422729,72.799789,289.164856,199.723770,64.231667,246.417435,44.272701,-3.938661,148.106934
38,0.316667,314.929993,-0.279084,137.192719,326.632812,-5.249425,517.311279,58.839321,-5.430559,527.585022,210.609268,19.866472,488.398773,211.665573,-2.120760,520.266479,209.685959,39.846581,453.475342,199.681564,-1.906846,145.318344,331.899109,68.931770,328.141052,198.866028,18.676603,176.110916,199.050613,42.920525,209.917297,35.510754,59.529102,338.775513,204.021622,78.796265,332.635406,208.701172,58.552563,416.721741,207.171112,71.726776,375.960785,201.425201,72.792442,289.166534,199.724518,64.232590,246.417435,44.273602,-3.936347,148.108536
39,0.325000,314.925507,-0.290032,137.188538,326.632660,-5.254283,517.315552,58.842480,-5.425670,527.583801,210.604324,19.864693,488.399078,211.664886,-2.134071,520.269226,209.686142,39.855103,453.475830,199.681076,-1.905844,145.320496,331.896545,68.936508,328.142212,198.867584,18.676767,176.107681,199.051086,42.926067,209.916016,35.519253,59.537582,338.774994,204.021851,78.797989,332.638092,208.696793,58.563389,416.723480,207.167404,71.728615,375.965759,201.421661,72.794014,289.163635,199.723923,64.240463,246.418091,44.274616,-3.928259,148.108780
40,0.333333,314.926331,-0.290382,137.190598,326.636536,-5.255296,517.313843,58.841717,-5.426291,527.584473,210.607910,19.867044,488.398041,211.663269,-2.132449,520.263245,209.684341,39.852291,453.473206,199.677902,-1.915670,145.317291,331.896393,68.933876,328.141296,198.865860,18.676626,176.106445,199.046265,42.915409,209.915329,35.517124,59.539444,338.775269,204.016754,78.795685,332.636780,208.697189,58.556721,416.724365,207.168945,71.737572,375.961395,201.423279,72.794548,289.165680,199.723145,64.235710,246.412292,44.271770,-3.939198,148.107574
41,0.341667,314.925903,-0.285889,137.192825,326.638031,-5.252227,517.313538,58.837822,-5.430265,527.584839,210.608780,19.866030,488.399048,211.663620,-2.124415,520.264465,209.685516,39.853336,453.475708,199.677765,-1.915497,145.316620,331.895447,68.931808,328.140198,198.864731,18.673155,176.108704,199.047455,42.924442,209.917480,35.509186,59.532360,338.776154,204.017014,78.797600,332.636566,208.695877,58.557064,416.723511,207.167740,71.734459,375.958069,201.421600,72.798180,289.166809,199.723618,64.243088,246.414841,44.269199,-3.939389,148.110291
42,0.350000,314.927307,-0.278701,137.190918,326.636353,-5.257678,517.310364,58.840248,-5.428646,527.582153,210.610886,19.868626,488.399353,211.665237,-2.117516,520.267517,209.684372,39.850586,453.475555,199.680099,-1.910867,145.315277,331.898804,68.932030,328.139465,198.865585,18.673687,176.107819,199.050079,42.923626,209.913834,35.514801,59.538361,338.773865,204.022247,78.795044,332.632599,208.699020,58.561680,416.722687,207.170181,71.728584,375.957794,201.425934,72.792442,289.166443,199.727036,64.241165,246.413437,44.279640,-3.924917,148.108673
43,0.358333,314.927704,-0.286427,137.188629,326.636688,-5.259721,517.313843,58.838955,-5.431895,527.584045,210.607208,19.868534,488.397461,211.662125,-2.128012,520.269409,209.684235,39.843864,453.478058,199.680038,-1.916093,145.316757,331.897156,68.932060,328.140930,198.866501,18.680046,176.111649,199.049881,42.920959,209.917877,35.516865,59.542213,338.774139,204.021347,78.795189,332.635803,208.698822,58.553783,416.722015,207.169754,71.731628,375.961151,201.426025,72.791512,289.166565,199.724792,64.238617,246.416306,44.270256,-3.942009,148.106461
44,0.366667,314.926117,-0.283731,137.193405,326.638367,-5.251885,517.312744,58.843998,-5.423317,527.583679,210.608551,19.868973,488.396088,211.664993,-2.125700,520.264282,209.686737,39.853031,453.474060,199.677765,-1.918433,145.317215,331.895233,68.931892,328.137421,198.865143,18.671503,176.108658,199.044601,42.915981,209.916107,35.513031,59.535835,338.774200,204.019333,78.799393,332.634430,208.695526,58.559887,416.721222,207.165543,71.739914,375.958740,201.422256,72.799301,289.165955,199.721085,64.233498,246.415878,44.282433,-3.921992,148.111542
45,0.375000,314.927948,-0.279196,137.195465,326.637238,-5.251823,517.308838,58.836288,-5.434930,527.584106,210.606140,19.865753,488.398407,211.663971,-2.121350,520.262390,209.684967,39.853909,453.470032,199.678711,-1.919331,145.317764,331.897003,68.935204,328.138611,198.865677,18.675793,176.108002,199.048050,42.928238,209.917267,35.516773,59.537342,338.772919,204.020111,78.797119,332.635406,208.698776,58.563618,416.724457,207.169296,71.730011,375.958801,201.423141,72.798637,289.167999,199.721970,64.234222,246.417633,44.274467,-3.928846,148.109665
46,0.383333,314.930298,-0.279150,137.196655,326.635254,-5.249668,517.313721,58.840462,-5.425564,527.585327,210.605743,19.865952,488.398102,211.665176,-2.127668,520.270813,209.687714,39.850998,453.472382,199.679001,-1.918728,145.317368,331.895874,68.928192,328.141785,198.867264,18.673674,176.109512,199.048004,42.921143,209.919128,35.514439,59.536663,338.772797,204.019226,78.800720,332.635986,208.699036,58.561035,416.724487,207.167099,71.732719,375.961029,201.423752,72.795792,289.168213,199.724487,64.235977,246.420013,44.275715,-3.935838,148.107101
47,0.391667,314.927307,-0.287983,137.193115,326.636505,-5.254282,517.312561,58.837715,-5.438914,527.582642,210.607101,19.856808,488.397369,211.662872,-2.134729,520.265198,209.686462,39.840588,453.472412,199.678940,-1.913298,145.317078,331.896057,68.930260,328.138153,198.866287,18.670572,176.109848,199.048187,42.915493,209.914993,35.511322,59.525272,338.774994,204.018585,78.787148,332.633148,208.695969,58.545452,416.722809,207.168076,71.727814,375.958740,201.422424,72.791008,289.166534,199.723312,64.230629,246.416855,44.276817,-3.929987,148.106552
48,0.400000,314.929138,-0.282822,137.194595,326.638092,-5.247300,517.314880,58.838440,-5.428932,527.583069,210.605087,19.865891,488.400116,211.663437,-2.121862,520.267273,209.682907,39.850765,453.474274,199.677444,-1.912919,145.317505,331.896729,68.938972,328.141449,198.862823,18.675766,176.112991,199.048950,42.925568,209.916733,35.516476,59.536903,338.777008,204.015854,78.789436,332.641846,208.697876,58.561993,416.722687,207.166428,71.733948,375.955994,201.425964,72.799927,289.168671,199.721710,64.234970,246.420059,44.286022,-3.915030,148.108627
49,0.408333,314.929108,-0.271404,137.190231,326.637390,-5.253884,517.311279,58.839962,-5.428073,527.581970,210.608383,19.870995,488.395935,211.663559,-2.121740,520.263611,209.685455,39.852314,453.475739,199.683807,-1.906393,145.318085,331.897156,68.931602,328.139618,198.862198,18.672358,176.112167,199.050537,42.936676,209.916779,35.515251,59.536194,338.776093,204.019577,78.797844,332.639374,208.699081,58.563732,416.720856,207.169312,71.742081,375.955383,201.424622,72.799599,289.167877,199.726822,64.238937,246.417297,44.282791,-3.918020,148.109512
50,0.416667,314.930298,-0.282698,137.189728,326.636871,-5.258629,517.313416,58.840637,-5.430820,527.584229,210.607208,19.862530,488.398651,211.663498,-2.126370,520.268738,209.683426,39.844208,453.474640,199.682358,-1.920349,145.313339,331.897308,68.931625,328.139191,198.860413,18.666353,176.112488,199.048584,42.916683,209.918564,35.510494,59.529156,338.774780,204.017502,78.788643,332.638367,208.700882,58.562622,416.722870,207.167740,71.729172,375.958862,201.423264,72.791008,289.166138,199.721893,64.233070,246.417709,44.277267,-3.930025,148.109009
51,0.425000,314.930664,-0.281740,137.192535,326.636749,-5.254013,517.313721,58.837852,-5.431585,527.584656,210.605530,19.864229,488.397003,211.663864,-2.127996,520.265686,209.686920,39.852829,453.474487,199.683411,-1.912834,145.313202,331.895264,68.930504,328.141541,198.865356,18.671171,176.111588,199.050537,42.925652,209.919739,35.515079,59.533634,338.776154,204.019699,78.791260,332.637756,208.699585,58.558624,416.724091,207.167938,71.735725,375.962006,201.426102,72.796936,289.164856,199.725906,64.238068,246.416183,44.273937,-3.935752,148.109100
52,0.433333,314.926941,-0.286476,137.192352,326.633698,-5.254532,517.310547,58.837746,-5.437070,527.582703,210.606003,19.861782,488.398865,211.662903,-2.127983,520.265076,209.687164,39.845657,453.471802,199.680695,-1.916111,145.313614,331.897247,68.928406,328.143066,198.864655,18.671211,176.108902,199.049698,42.921032,209.915436,35.515846,59.538368,338.771698,204.020523,78.798203,332.636566,208.698502,58.560764,416.725067,207.164902,71.733368,375.963806,201.424377,72.794556,289.168945,199.727768,64.242058,246.415680,44.270157,-3.936494,148.108215
53,0.441667,314.930542,-0.277644,137.193222,326.635925,-5.252290,517.315369,58.839630,-5.429305,527.582947,210.605347,19.869524,488.397858,211.662201,-2.129491,520.267944,209.687042,39.852638,453.471313,199.682831,-1.912837,145.317490,331.898376,68.932060,328.143372,198.864166,18.673801,176.112350,199.050476,42.929203,209.917709,35.516457,59.541595,338.774261,204.017807,78.794853,332.638153,208.697372,58.560677,416.722809,207.169724,71.735291,375.962616,201.422531,72.799026,289.167328,199.725052,64.239975,246.415970,44.273682,-3.929737,148.108093
54,0.450000,314.929413,-0.289540,137.188431,326.636047,-5.253993,517.310486,58.839825,-5.430731,527.582764,210.605087,19.869640,488.397064,211.661728,-2.127404,520.267029,209.686447,39.849117,453.476349,199.681870,-1.912950,145.317413,331.896790,68.936371,328.141479,198.867950,18.672880,176.111816,199.049088,42.923794,209.919540,35.513405,59.535938,338.774628,204.017944,78.793114,332.636414,208.695053,58.551968,416.724121,207.166183,71.730095,375.960266,201.423615,72.797157,289.165771,199.725906,64.237122,246.415359,44.275570,-3.933614,148.107803
55,0.458333,314.931244,-0.280462,137.190247,326.636993,-5.261183,517.313477,58.841057,-5.432943,527.583984,210.606628,19.868500,488.396667,211.660278,-2.133583,520.268555,209.684265,39.842785,453.475952,199.681076,-1.907256,145.316895,331.898529,68.934402,328.140747,198.863922,18.670404,176.111816,199.047989,42.922104,209.917816,35.517742,59.533524,338.776001,204.020599,78.791275,332.636444,208.694962,58.555252,416.723419,207.167603,71.731522,375.962006,201.424225,72.792015,289.164948,199.726974,64.238586,246.417191,44.280434,-3.923408,148.108658
56,0.466667,314.930542,-0.276501,137.190628,326.637817,-5.252998,517.313354,58.841270,-5.429259,527.582886,210.608536,19.874468,488.396088,211.661575,-2.119397,520.265869,209.688095,39.853424,453.476746,199.681366,-1.905223,145.316818,331.900269,68.937675,328.141541,198.864868,18.673153,176.113174,199.052353,42.931911,209.919296,35.516422,59.538731,338.778992,204.019577,78.801651,332.638397,208.697708,58.558125,416.724365,207.167847,71.733978,375.961761,201.425079,72.801094,289.167419,199.724991,64.242821,246.415894,44.284592,-3.912279,148.114777
57,0.475000,314.929657,-0.280811,137.190033,326.639313,-5.252804,517.312378,58.838665,-5.427086,527.580078,210.605667,19.865150,488.394714,211.664627,-2.122140,520.262146,209.685226,39.845345,453.473877,199.685776,-1.907913,145.317001,331.896210,68.937546,328.139465,198.863129,18.669565,176.112457,199.046600,42.922787,209.918015,35.511368,59.534306,338.776428,204.017395,78.794250,332.636841,208.695435,58.553398,416.721436,207.169296,71.731110,375.959503,201.420227,72.789497,289.165100,199.722244,64.239761,246.416595,44.273930,-3.933294,148.110184
58,0.483333,314.928864,-0.284448,137.189789,326.639679,-5.251631,517.313293,58.839817,-5.426767,527.583740,210.607941,19.869257,488.397400,211.662384,-2.124298,520.266479,209.687897,39.855473,453.474243,199.683914,-1.912094,145.313629,331.896301,68.942924,328.140350,198.862885,18.673449,176.109406,199.049454,42.924961,209.916016,35.514469,59.536068,338.775543,204.018478,78.788620,332.638458,208.695496,58.563423,416.721893,207.193924,71.780647,375.952698,201.423721,72.795311,289.168274,199.722778,64.237625,246.416534,44.281929,-3.924429,148.109909
59,0.491667,314.925140,-0.290839,137.189041,326.636627,-5.250829,517.312378,58.839588,-5.429427,527.582764,210.608459,19.873020,488.399933,211.664261,-2.124871,520.266174,209.687546,39.853394,453.474091,199.680786,-1.914694,145.314987,331.898102,68.931938,328.141327,198.868149,18.680355,176.110718,199.048996,42.923668,209.917297,35.516403,59.536457,338.774689,204.021988,78.792480,332.637756,208.701248,58.559273,416.722809,207.172745,71.733986,375.956085,201.422699,72.787796,289.166138,199.725403,64.239151,246.418747,44.275066,-3.935490,148.109009
60,0.500000,314.929504,-0.287212,137.190186,326.635529,-5.252483,517.315369,58.839828,-5.429766,527.584351,210.605240,19.863121,488.397766,211.666016,-2.121961,520.262146,209.685074,39.851929,453.476257,199.682739,-1.919464,145.315033,331.898285,68.932899,328.140442,198.863663,18.669334,176.110352,199.050247,42.922035,209.920151,35.517796,59.534546,338.777069,204.020767,78.799873,332.637390,208.697723,58.557777,416.723328,207.167572,71.735519,375.964996,201.427063,72.798660,289.165039,199.722076,64.241135,246.416397,44.271076,-3.934078,148.108414
61,0.508333,314.928589,-0.284435,137.188309,326.636383,-5.253243,517.311829,58.840179,-5.422849,527.583984,210.604538,19.873840,488.398102,211.663162,-2.123791,520.263916,209.684982,39.854809,453.475586,199.679733,-1.918588,145.316177,331.896210,68.945114,328.140198,198.867035,18.675205,176.110535,199.050629,42.928833,209.920181,35.517048,59.541962,338.774994,204.019684,78.797333,332.635345,208.698196,58.565338,416.722656,207.166855,71.732971,375.962738,201.423874,72.791832,289.166107,199.726822,64.245461,246.414673,44.278973,-3.926161,148.108627
62,0.516667,314.927917,-0.287938,137.188309,326.635742,-5.254617,517.311951,58.836288,-5.433314,527.582764,210.605484,19.857750,488.401398,211.659866,-2.130138,520.263428,209.683273,39.848721,453.471954,199.682068,-1.911206,145.314957,331.897919,68.933762,328.142151,198.864365,18.672388,176.108826,199.046646,42.921043,209.916656,35.513660,59.534519,338.772583,204.020508,78.801552,332.632111,208.697662,58.550915,416.721222,207.168091,71.728264,375.961853,201.425171,72.794586,289.165710,199.723953,64.240166,246.412155,44.284645,-3.916218,148.109024
63,0.525000,314.928589,-0.292093,137.190231,326.637024,-5.258572,517.314697,58.843441,-5.422903,527.585266,210.607788,19.866285,488.401611,211.661209,-2.119203,520.267944,209.687531,39.850761,453.471741,199.679688,-1.915760,145.315277,331.898712,68.935783,328.141113,198.865738,18.675978,176.110764,199.049194,42.924839,209.918610,35.517197,59.542671,338.777283,204.020691,78.797432,332.638763,208.697693,58.562546,416.721802,207.170135,71.731499,375.960571,201.426453,72.798630,289.167053,199.728333,64.245102,246.416840,44.272293,-3.938093,148.109116
64,0.533333,314.926453,-0.293818,137.188690,326.634705,-5.253162,517.313477,58.840710,-5.429118,527.582703,210.605530,19.865877,488.401031,211.661926,-2.124433,520.265198,209.684982,39.846436,453.470306,199.679382,-1.919610,145.312866,331.894867,68.932899,328.138611,198.864670,18.674107,176.110184,199.047180,42.921627,209.917145,35.514675,59.534973,338.774689,204.019302,78.789612,332.635681,208.697067,58.550133,416.723267,207.168869,71.730888,375.959015,201.422089,72.793404,289.167236,199.724915,64.235680,246.415085,44.270267,-3.945170,148.107590
65,0.541667,314.929321,-0.283754,137.192841,326.635773,-5.254461,517.315369,58.836922,-5.429060,527.582642,210.607101,19.867628,488.402740,211.663651,-2.117944,520.267761,209.688370,39.863438,453.471588,199.682159,-1.918267,145.315231,331.895050,68.928238,328.142151,198.866470,18.679445,176.112183,199.047897,42.923931,209.917801,35.513035,59.527668,338.780853,204.020493,78.802612,332.637482,208.699112,58.561878,416.724670,207.166016,71.729866,375.962250,201.424713,72.798218,289.170380,199.726669,64.238007,246.418121,44.271652,-3.937178,148.108597
66,0.550000,314.927460,-0.287900,137.186066,326.635773,-5.251728,517.312012,58.839268,-5.424359,527.582581,210.606857,19.869963,488.397491,211.662201,-2.117810,520.265259,209.685898,39.856236,453.470917,199.677338,-1.918961,145.314041,331.895844,68.936394,328.142517,198.864120,18.673990,176.106583,199.048248,42.924255,209.917175,35.509956,59.529823,338.777069,204.021240,78.802162,332.635864,208.697952,58.561043,416.723022,207.168320,71.732246,375.960297,201.423431,72.798470,289.165588,199.723022,64.233414,246.415115,44.275887,-3.933376,148.106369
67,0.558333,314.926788,-0.291962,137.189453,326.634857,-5.255013,517.314453,58.841309,-5.429010,527.582092,210.608978,19.867603,488.397064,211.664017,-2.125907,520.264587,209.687469,39.843349,453.473480,199.676987,-1.923269,145.314667,331.898041,68.928558,328.140900,198.863876,18.673180,176.107925,199.050262,42.919460,209.916656,35.512730,59.529945,338.777954,204.020905,78.795792,332.638275,208.697937,58.552818,416.722229,207.170197,71.729912,375.963135,201.424225,72.795181,289.166412,199.723969,64.232254,246.415192,44.267643,-3.949293,148.103989
68,0.566667,314.924255,-0.296062,137.189606,326.634216,-5.254424,517.314209,58.839684,-5.425212,527.585022,210.608673,19.865522,488.399811,211.664764,-2.120211,520.268799,209.686432,39.845840,453.474762,199.683746,-1.915130,145.315628,331.894714,68.933380,328.141693,198.863861,18.672709,176.109100,199.051544,42.922932,209.915970,35.511803,59.534927,338.777283,204.019089,78.790474,332.635956,208.696472,58.556217,416.723724,207.169830,71.732803,375.962189,201.422729,72.792694,289.166168,199.724197,64.236656,246.416214,44.273602,-3.938734,148.107651
69,0.575000,314.929932,-0.285165,137.189911,326.635223,-5.256850,517.312195,58.840248,-5.429117,527.585022,210.606659,19.868820,488.399078,211.661880,-2.127410,520.269226,209.685974,39.859596,453.472443,199.684891,-1.912284,145.309158,331.896057,68.931801,328.139587,198.862610,18.669397,176.108795,199.051315,42.924751,209.914352,35.510963,59.533463,338.775330,204.021057,78.791885,332.635620,208.699600,58.560158,416.723236,207.172668,71.739212,375.961243,201.424957,72.799736,289.163940,199.723969,64.233368,246.414627,44.275051,-3.936605,148.106033
70,0.583333,314.928467,-0.287268,137.187607,326.639832,-5.251392,517.313538,58.836411,-5.429852,527.588928,210.608627,19.875261,488.398041,211.665680,-2.120948,520.271118,209.689011,39.861027,453.473846,199.687012,-1.904301,145.306824,331.895203,68.936989,328.141815,198.864105,18.680902,176.110901,199.052979,42.931892,209.918610,35.514553,59.541988,338.774994,204.020935,78.798615,332.639099,208.701263,58.568363,416.722626,207.168030,71.739967,375.961212,201.424698,72.805794,289.165924,199.726669,64.240997,246.414291,44.274437,-3.938994,148.103531
71,0.591667,314.926971,-0.292413,137.186325,326.638000,-5.249644,517.309509,58.838364,-5.428288,527.585510,210.606400,19.871365,488.397705,211.665726,-2.117857,520.266418,209.686691,39.852356,453.468994,199.687515,-1.909837,145.309631,331.898254,68.930954,328.138580,198.864258,18.672029,176.107574,199.050064,42.924957,209.917175,35.515762,59.537342,338.776276,204.019684,78.797150,332.634430,208.697098,58.556927,416.719971,207.167526,71.731651,375.960663,201.426010,72.796822,289.167175,199.724304,64.236122,246.413864,44.273670,-3.936615,148.105682
72,0.600000,314.929321,-0.292949,137.187927,326.634735,-5.263520,517.316650,58.835644,-5.435826,527.584900,210.605087,19.860052,488.400299,211.660812,-2.126140,520.264343,209.684662,39.854065,453.473083,199.679123,-1.931453,145.309601,331.899200,68.927795,328.141754,198.865738,18.671871,176.108734,199.045898,42.910793,209.918167,35.512154,59.523308,338.779205,204.020233,78.784447,332.638794,208.699524,58.550606,416.725464,207.167374,71.724937,375.962708,201.421494,72.786713,289.165131,199.724518,64.233551,246.417679,44.272869,-3.942665,148.101013
73,0.608333,314.930847,-0.279942,137.189270,326.636597,-5.248945,517.311890,58.839668,-5.413249,527.580566,210.608215,19.873079,488.399078,211.663895,-2.113932,520.266357,209.688461,39.859783,453.475128,199.678101,-1.922941,145.310287,331.899933,68.935524,328.138824,198.866058,18.680195,176.107574,199.046005,42.927437,209.916504,35.515209,59.531601,338.781036,204.018814,78.796165,332.641388,208.702332,58.560402,416.726471,207.171646,71.735321,375.960876,201.424545,72.797081,289.167603,199.725311,64.237885,246.418533,44.274075,-3.933510,148.105103
74,0.616667,314.930664,-0.281789,137.186127,326.635406,-5.257724,517.312683,58.840702,-5.424385,527.584106,210.606995,19.865522,488.395660,211.664688,-2.126798,520.268188,209.686050,39.847408,453.475006,199.682617,-1.925932,145.309006,331.897400,68.937790,328.139374,198.863510,18.667952,176.106750,199.050293,42.925758,209.916748,35.516640,59.541199,338.775452,204.016266,78.793953,332.635681,208.697647,58.562130,416.722229,207.170227,71.735252,375.960175,201.421600,72.796707,289.163727,199.724487,64.241127,246.413239,44.275299,-3.935995,148.104858
75,0.625000,314.929962,-0.283603,137.184494,326.636932,-5.261742,517.314819,58.842537,-5.417709,527.582703,210.607697,19.872356,488.398071,211.661011,-2.125626,520.270264,209.687286,39.850319,453.475464,199.683502,-1.918618,145.310104,331.897552,68.933746,328.141327,198.864319,18.672039,176.110519,199.051208,42.927498,209.916672,35.518044,59.541561,338.773560,204.017227,78.788002,332.638550,208.696167,58.557247,416.720825,207.168304,71.732521,375.958954,201.425293,72.799171,289.163269,199.723618,64.240829,246.412964,44.271671,-3.944427,148.102692
76,0.633333,314.922821,-0.300189,137.184570,326.637665,-5.259959,517.313843,58.839371,-5.426407,527.583191,210.609482,19.870007,488.398529,211.662903,-2.121479,520.269592,209.688232,39.847984,453.475311,199.681366,-1.923052,145.309769,331.897430,68.923813,328.140839,198.863434,18.665247,176.109085,199.046860,42.913715,209.913452,35.516357,59.538189,338.774231,204.018326,78.782829,332.637146,208.697937,58.553345,416.720154,207.172943,71.727112,375.959290,201.426422,72.791634,289.167694,199.721970,64.231606,246.415039,44.267529,-3.946729,148.102692
77,0.641667,314.928650,-0.283679,137.188904,326.637512,-5.250335,517.311890,58.844959,-5.417698,527.583252,210.611542,19.871012,488.397919,211.666168,-2.119668,520.265137,209.689957,39.853233,453.473907,199.682159,-1.920287,145.310318,331.896790,68.933830,328.137360,198.866272,18.670916,176.107727,199.050339,42.929417,209.916885,35.517647,59.541580,338.774048,204.021851,78.799202,332.638428,208.700851,58.558548,416.724884,207.174545,71.741646,375.959290,201.422867,72.795868,289.166931,199.726471,64.235619,246.416473,44.277084,-3.934477,148.104584
78,0.650000,314.928040,-0.289864,137.184921,326.637085,-5.250110,517.311401,58.840691,-5.419517,527.582825,210.606598,19.866219,488.400635,211.661697,-2.120703,520.268372,209.685577,39.853580,453.472290,199.680695,-1.919862,145.310013,331.898346,68.937141,328.137787,198.864838,18.676451,176.107620,199.043457,42.916336,209.909027,35.517326,59.542023,338.776306,204.018753,78.797813,332.636322,208.696014,58.558598,416.723938,207.167847,71.734917,375.960999,201.424194,72.796974,289.165161,199.723312,64.234261,246.414352,44.271572,-3.936073,148.106918
79,0.658333,314.926727,-0.298006,137.186401,326.636475,-5.256308,517.315308,58.837589,-5.434677,527.584595,210.606842,19.861071,488.400696,211.659760,-2.142271,520.270630,209.687424,39.844921,453.474457,199.676758,-1.929305,145.305588,331.898590,68.921700,328.137909,198.867386,18.667768,176.108185,199.047897,42.918766,209.913208,35.507000,59.520767,338.775543,204.016495,78.783859,332.635223,208.698364,58.547256,416.722473,207.169342,71.727966,375.959808,201.421783,72.794678,289.165466,199.723495,64.232292,246.412155,44.269081,-3.947995,148.105545
80,0.666667,314.926453,-0.287629,137.188980,326.635620,-5.253403,517.312927,58.839561,-5.421894,527.586792,210.608475,19.872786,488.396545,211.661545,-2.136538,520.271912,209.689529,39.849319,453.474487,199.680008,-1.918266,145.310440,331.896545,68.932106,328.141571,198.864517,18.671801,176.108810,199.048630,42.921768,209.915970,35.513508,59.537460,338.774170,204.022217,78.803040,332.637085,208.698486,58.558727,416.725037,207.167587,71.741081,375.959900,201.421265,72.792152,289.167816,199.723740,64.238289,246.414597,44.274410,-3.933940,148.107330
81,0.675000,314.929443,-0.279506,137.189774,326.638062,-5.253407,517.315063,58.842632,-5.434626,527.585754,210.611389,19.868446,488.396484,211.665726,-2.126839,520.267639,209.689621,39.845367,453.473938,199.682053,-1.922366,145.311188,331.898499,68.931061,328.137970,198.866669,18.675922,176.110611,199.049347,42.916588,209.914261,35.522533,59.547993,338.771454,204.023529,78.794777,332.635254,208.703857,58.557365,416.723785,207.169647,71.733826,375.956879,201.427017,72.794655,289.166901,199.725784,64.236595,246.414886,44.277344,-3.931741,148.105698
82,0.683333,314.927185,-0.285654,137.194931,326.641113,-5.255845,517.316345,58.840210,-5.427849,527.586609,210.608765,19.866421,488.398621,211.661514,-2.126859,520.269287,209.685760,39.852848,453.475433,199.680847,-1.930318,145.311737,331.898468,68.932983,328.136871,198.867279,18.673077,176.110916,199.048767,42.918686,209.916107,35.517048,59.540871,338.771240,204.018082,78.793541,332.635101,208.698853,58.564247,416.723267,207.167526,71.729370,375.962006,201.425110,72.793076,289.167511,199.722397,64.234833,246.414078,44.267570,-3.944150,148.108368
83,0.691667,314.927856,-0.288515,137.193619,326.638550,-5.262945,517.315735,58.839741,-5.431502,527.585327,210.610458,19.871119,488.396790,211.663605,-2.124028,520.268738,209.684097,39.847466,453.474304,199.675812,-1.933066,145.313019,331.897278,68.925163,328.138885,198.867203,18.667242,176.107025,199.047867,42.917423,209.913452,35.515083,59.532650,338.773590,204.019150,78.796356,332.634521,208.697845,58.550972,416.720703,207.169449,71.723648,375.962891,201.424225,72.793983,289.165039,199.724258,64.232872,246.412277,44.267456,-3.948666,148.108505
84,0.700000,314.927338,-0.279729,137.192551,326.637604,-5.251475,517.312744,58.843082,-5.427777,527.583191,210.609528,19.865393,488.398621,211.663239,-2.127642,520.264954,209.690292,39.855213,453.469788,199.677155,-1.920738,145.317230,331.898376,68.931999,328.137543,198.869385,18.679991,176.108841,199.049225,42.920670,209.914505,35.517929,59.540295,338.775452,204.020554,78.798683,332.637054,208.698273,58.556953,416.721527,207.170776,71.733948,375.959412,201.424835,72.794937,289.164062,199.726456,64.241684,246.410187,44.271168,-3.938344,148.107651
85,0.708333,314.930359,-0.273329,137.195312,326.635834,-5.255243,517.315125,58.844082,-5.424109,527.582703,210.608749,19.866825,488.401001,211.666183,-2.124450,520.265808,209.690796,39.856045,453.475647,199.682434,-1.917240,145.319336,331.897858,68.928528,328.137909,198.868073,18.676804,176.109253,199.051498,42.919071,209.914627,35.515503,59.531815,338.776459,204.020981,78.796394,332.636230,208.698639,58.559002,416.722717,207.170364,71.734459,375.961700,201.424652,72.794693,289.163605,199.728165,64.246468,246.411316,44.273468,-3.944165,148.107773
86,0.716667,314.926117,-0.289420,137.192932,326.635254,-5.258687,517.313416,58.837761,-5.435349,527.583374,210.608337,19.863789,488.399170,211.665573,-2.128664,520.266663,209.686584,39.848915,453.473999,199.681854,-1.916313,145.317993,331.897095,68.922455,328.136780,198.868073,18.662655,176.108749,199.047714,42.916313,209.915131,35.512962,59.528816,338.775055,204.020752,78.793648,332.632538,208.697113,58.552067,416.720581,207.168213,71.726524,375.956696,201.425034,72.791679,289.160645,199.721832,64.235451,246.410797,44.267380,-3.951227,148.109009
87,0.725000,314.929596,-0.276912,137.202301,326.638123,-5.253751,517.311707,58.839520,-5.432494,527.586853,210.606567,19.865593,488.400391,211.663956,-2.131161,520.269592,209.685028,39.848240,453.477081,199.674408,-1.922498,145.322189,331.896606,68.932838,328.139130,198.866455,18.675526,176.109833,199.046539,42.914032,209.916946,35.516754,59.539860,338.775574,204.020721,78.796638,332.635193,208.698105,58.556877,416.721466,207.170074,71.737419,375.958649,201.425156,72.795387,289.162933,199.724487,64.237991,246.412796,44.273849,-3.938044,148.111588
88,0.733333,314.934479,-0.263151,137.198456,326.639130,-5.258744,517.317017,58.842140,-5.431214,527.586792,210.608948,19.874557,488.395782,211.666977,-2.127548,520.268311,209.689056,39.849873,453.474609,199.676620,-1.914261,145.320801,331.898895,68.928497,328.136719,198.866211,18.674973,176.112579,199.052307,42.926178,209.916199,35.515289,59.536854,338.773224,204.020538,78.794312,332.635193,208.701767,58.564438,416.721497,207.171616,71.731926,375.957611,201.425308,72.804085,289.162170,199.724655,64.237869,246.413757,44.277374,-3.929801,148.108307
89,0.741667,314.928070,-0.282579,137.194229,326.638916,-5.261491,517.315918,58.840149,-5.437039,527.586670,210.609818,19.865154,488.397522,211.664017,-2.133586,520.268005,209.685104,39.848724,453.475006,199.678589,-1.918770,145.326660,331.897369,68.924393,328.137482,198.862259,18.663332,176.109528,199.050293,42.912079,209.916092,35.513847,59.527000,338.772888,204.019073,78.787186,332.634399,208.697098,58.553089,416.721771,207.167145,71.729683,375.960449,201.425720,72.796875,289.161682,199.726913,64.230782,246.411469,44.273098,-3.940110,148.111343
90,0.750000,314.927521,-0.283964,137.199921,326.638947,-5.260300,517.313477,58.839340,-5.426353,527.583984,210.609100,19.865280,488.399567,211.663010,-2.130632,520.263550,209.688858,39.851509,453.472351,199.674957,-1.923141,145.330414,331.898407,68.930771,328.135345,198.864410,18.666916,176.111664,199.048630,42.919403,209.918182,35.515442,59.535358,338.770508,204.020203,78.795189,332.633087,208.699326,58.558620,416.720032,207.165527,71.721909,375.960480,201.427521,72.791382,289.163666,199.722885,64.233223,246.414108,44.272789,-3.938648,148.114441
91,0.758333,314.928650,-0.284758,137.197678,326.639160,-5.261429,517.312378,58.840466,-5.435765,527.584900,210.609894,19.859915,488.399475,211.666153,-2.123350,520.267761,209.688828,39.852955,453.472321,199.671478,-1.927094,145.325424,331.898285,68.922058,328.137054,198.864685,18.667114,176.114761,199.046539,42.917671,209.917480,35.516361,59.537434,338.772461,204.021027,78.791473,332.634216,208.700897,58.555622,416.723724,207.166901,71.723251,375.960297,201.422256,72.793442,289.164825,199.723999,64.235939,246.414749,44.277473,-3.936169,148.115021
92,0.766667,314.927094,-0.285125,137.198380,326.638855,-5.255487,517.314941,58.843166,-5.422389,527.582520,210.610352,19.867514,488.397430,211.667587,-2.123043,520.265137,209.685364,39.852112,453.472473,199.679581,-1.916783,145.324860,331.898529,68.934784,328.137726,198.868927,18.674911,176.115799,199.046219,42.918854,209.919617,35.515629,59.539913,338.772583,204.024292,78.802902,332.634613,208.698929,58.559216,416.722076,207.169006,71.734558,375.958588,201.423508,72.790276,289.167084,199.724945,64.236267,246.414795,44.273819,-3.934638,148.111969
93,0.775000,314.932068,-0.272610,137.199448,326.639160,-5.257815,517.315979,58.842525,-5.433454,527.587158,210.609039,19.862886,488.396667,211.665833,-2.140758,520.269409,209.688004,39.845997,453.474060,199.678131,-1.922288,145.323792,331.897980,68.926300,328.135010,198.863617,18.670664,176.112228,199.050110,42.913544,209.921021,35.515530,59.530609,338.772949,204.020676,78.782776,332.631470,208.696671,58.540207,416.722168,207.171631,71.727974,375.957306,201.424057,72.784691,289.164764,199.725739,64.237564,246.413010,44.278713,-3.937733,148.109100
94,0.783333,314.927734,-0.288729,137.196854,326.639771,-5.250752,517.312561,58.841831,-5.430845,527.585266,210.609329,19.863846,488.398407,211.664597,-2.132592,520.267639,209.687912,39.847691,453.474518,199.676483,-1.922717,145.324310,331.898529,68.929520,328.136139,198.864685,18.666813,176.112549,199.046417,42.920887,209.920776,35.512794,59.530903,338.774048,204.020508,78.796158,332.633087,208.696045,58.551495,416.722046,207.166870,71.726822,375.959198,201.426102,72.788597,289.161957,199.727798,64.239738,246.414536,44.275364,-3.936547,148.108902
95,0.791667,314.931396,-0.279333,137.199585,326.638977,-5.253622,517.315125,58.842163,-5.432183,527.584106,210.611450,19.863010,488.398895,211.665009,-2.126313,520.270203,209.689148,39.849026,453.472809,199.682526,-1.910326,145.325653,331.899933,68.935150,328.137604,198.865784,18.667715,176.113480,199.049973,42.921597,209.919754,35.517349,59.539913,338.775024,204.023849,78.789284,332.634827,208.698135,58.552666,416.722809,207.169327,71.728256,375.956848,201.426163,72.791939,289.163788,199.723724,64.236099,246.418381,44.281021,-3.928361,148.109558
96,0.800000,314.928040,-0.284038,137.195007,326.638275,-5.249872,517.311523,58.841316,-5.430915,527.581848,210.611160,19.862432,488.398956,211.661209,-2.136067,520.265259,209.687027,39.841946,453.473114,199.677292,-1.918855,145.322083,331.898926,68.933151,328.139191,198.866226,18.662348,176.112625,199.051224,42.917812,209.919434,35.512955,59.532162,338.772400,204.019760,78.784828,332.634277,208.695511,58.545582,416.722687,207.167786,71.722412,375.958405,201.423965,72.794342,289.163300,199.722107,64.223854,246.420883,44.288681,-3.908320,148.116089
97,0.808333,314.927887,-0.281865,137.200195,326.638580,-5.257538,517.315247,58.839878,-5.433528,527.585083,210.609039,19.862717,488.399750,211.664597,-2.135336,520.268005,209.684082,39.840317,453.471466,199.674973,-1.921476,145.325073,331.897186,68.931206,328.138641,198.866714,18.672569,176.116638,199.053574,42.923691,209.922974,35.514416,59.534618,338.775146,204.021881,78.790390,332.634644,208.699509,58.551865,416.722260,207.168869,71.724777,375.958496,201.427582,72.797180,289.166901,199.720901,64.227707,246.422577,44.279739,-3.924943,148.113892
98,0.816667,314.926117,-0.295569,137.196609,326.639313,-5.257590,517.314941,58.839260,-5.444522,527.587158,210.608414,19.861328,488.397980,211.661743,-2.132196,520.264038,209.688004,39.846870,453.467224,199.676239,-1.917004,145.324844,331.898590,68.933540,328.137482,198.865463,18.675562,176.113403,199.052948,42.923607,209.921463,35.513977,59.532509,338.772247,204.017975,78.790939,332.635345,208.701553,58.552185,416.721893,207.171509,71.726631,375.957214,201.426788,72.792313,289.168121,199.724030,64.232338,246.418686,44.274754,-3.934735,148.112122
99,0.825000,314.924988,-0.297980,137.200546,326.640167,-5.256721,517.313965,58.841339,-5.437890,527.586670,210.611465,19.863411,488.397614,211.664749,-2.134059,520.268738,209.688812,39.844257,453.468201,199.679169,-1.922336,145.324188,331.898102,68.933922,328.140686,198.866516,18.669220,176.114243,199.049713,42.922024,209.921982,35.514648,59.530743,338.775116,204.019730,78.790703,332.636902,208.698044,58.545856,416.722351,207.168854,71.724472,375.959229,201.423584,72.791550,289.168915,199.725952,64.242813,246.420471,44.279182,-3.927229,148.111938
100,0.833333,314.927399,-0.286389,137.200180,326.638000,-5.257233,517.313416,58.842422,-5.428940,527.579346,210.609222,19.865177,488.397400,211.661942,-2.133730,520.265381,209.685257,39.845463,453.470795,199.680511,-1.915743,145.322998,331.895844,68.939873,328.138947,198.865860,18.667887,176.114639,199.052017,42.926708,209.918549,35.517540,59.537720,338.777161,204.020981,78.790504,332.632355,208.696747,58.548260,416.719055,207.171204,71.726593,375.957703,201.426758,72.793823,289.168732,199.727280,64.238106,246.415878,44.281708,-3.915590,148.115967
101,0.841667,314.927673,-0.290251,137.198471,326.637939,-5.261578,517.312134,58.837605,-5.445966,527.584229,210.606705,19.852749,488.397858,211.663406,-2.149866,520.265198,209.687317,39.837643,453.470520,199.680908,-1.920536,145.323944,331.896729,68.934509,328.140167,198.865143,18.665251,176.113510,199.049286,42.917095,209.919083,35.519890,59.531429,338.774109,204.020416,78.788681,332.637726,208.698349,58.539776,416.720428,207.169373,71.726112,375.959106,201.425247,72.788170,289.169159,199.727158,64.241203,246.417175,44.276100,-3.932626,148.111099
102,0.850000,314.926849,-0.281226,137.202820,326.639648,-5.252708,517.313293,58.841793,-5.436625,527.586548,210.606247,19.866425,488.394531,211.667419,-2.128021,520.267029,209.687561,39.845062,453.469452,199.683517,-1.916866,145.323364,331.897064,68.941788,328.142029,198.866898,18.674337,176.112976,199.052811,42.929413,209.923462,35.519428,59.541550,338.774414,204.023193,78.799225,332.638000,208.700455,58.556126,416.724121,207.171371,71.734085,375.958893,201.428787,72.804688,289.168793,199.724915,64.240044,246.422165,44.281097,-3.917619,148.113693
103,0.858333,314.930328,-0.276445,137.199234,326.636627,-5.256982,517.312561,58.839638,-5.436927,527.582703,210.606796,19.860708,488.392242,211.661530,-2.139305,520.265503,209.682877,39.840893,453.467377,199.679367,-1.914939,145.319794,331.895874,68.931847,328.139923,198.864639,18.671919,176.111786,199.049240,42.918034,209.916885,35.514923,59.533348,338.773621,204.019928,78.794037,332.637146,208.697113,58.540920,416.721771,207.165375,71.718735,375.960083,201.424744,72.800339,289.168243,199.722580,64.228920,246.420486,44.279243,-3.923029,148.110245
104,0.866667,314.927887,-0.284087,137.199890,326.634949,-5.250711,517.314209,58.838280,-5.436147,527.583679,210.608994,19.858730,488.397430,211.665329,-2.130102,520.263306,209.687851,39.852371,453.466583,199.677719,-1.918591,145.323181,331.900787,68.942963,328.141876,198.868515,18.674509,176.113525,199.049606,42.920124,209.921432,35.518696,59.538361,338.778320,204.022461,78.799904,332.641327,208.696625,58.551395,416.722168,207.168991,71.736427,375.962036,201.427887,72.799500,289.169312,199.722733,64.235535,246.422134,44.291561,-3.904797,148.117340
105,0.875000,314.930389,-0.282156,137.199829,326.635132,-5.265167,517.312622,58.839149,-5.439597,527.582336,210.606812,19.859421,488.396881,211.662827,-2.137628,520.263855,209.686386,39.841267,453.471497,199.679642,-1.917707,145.322784,331.899139,68.934570,328.139008,198.863846,18.668751,176.111389,199.050369,42.920265,209.920334,35.514729,59.526669,338.777435,204.020020,78.790100,332.640289,208.699387,58.552738,416.722107,207.167618,71.727791,375.961517,201.426117,72.795395,289.167114,199.726547,64.238052,246.417938,44.279327,-3.934332,148.113068
106,0.883333,314.928802,-0.284424,137.197922,326.636658,-5.259033,517.311340,58.840668,-5.435906,527.581665,210.606888,19.861565,488.397339,211.663300,-2.135070,520.266602,209.688217,39.841354,453.474335,199.683578,-1.914044,145.321640,331.895935,68.931969,328.143005,198.868515,18.674717,176.114868,199.050583,42.921856,209.921631,35.515102,59.527496,338.780426,204.019989,78.797920,332.638977,208.699570,58.551838,416.724304,207.168381,71.732109,375.964539,201.425873,72.798630,289.166992,199.726242,64.239609,246.418533,44.277527,-3.925664,148.115967
107,0.891667,314.929535,-0.272471,137.203125,326.633850,-5.260777,517.312134,58.837067,-5.435144,527.580200,210.609283,19.865799,488.394379,211.663605,-2.128556,520.264282,209.688461,39.847095,453.476685,199.682983,-1.911702,145.322693,331.899078,68.937950,328.142242,198.864304,18.668945,176.113083,199.047562,42.924484,209.919937,35.514984,59.533989,338.780243,204.021149,78.794060,332.638153,208.696121,58.555363,416.722687,207.167725,71.728989,375.963379,201.425461,72.799622,289.169678,199.724762,64.237358,246.418045,44.278294,-3.925953,148.116989
108,0.900000,314.926331,-0.294046,137.194687,326.634613,-5.265316,517.313171,58.839390,-5.441667,527.580872,210.611008,19.861233,488.395599,211.660019,-2.139845,520.262024,209.686844,39.845428,453.471191,199.680557,-1.914033,145.322906,331.901428,68.931015,328.140137,198.867233,18.672613,176.113419,199.049194,42.917862,209.917953,35.515732,59.532913,338.777466,204.020309,78.794205,332.640320,208.702454,58.554485,416.722626,207.170120,71.731781,375.963745,201.425735,72.792419,289.167633,199.725174,64.234695,246.415909,44.277069,-3.929249,148.114441
109,0.908333,314.929993,-0.276946,137.199219,326.637604,-5.257606,517.310059,58.839985,-5.435174,527.577332,210.610306,19.866150,488.396393,211.664459,-2.123299,520.263123,209.688232,39.850998,453.473450,199.681198,-1.914724,145.322662,331.899048,68.936905,328.143036,198.867996,18.676559,176.114120,199.046173,42.922081,209.923676,35.515747,59.534294,338.777374,204.022354,78.799904,332.638336,208.699402,58.555141,416.725464,207.170670,71.731400,375.961517,201.426514,72.793694,289.170502,199.725693,64.241737,246.420624,44.278782,-3.922370,148.117538
110,0.916667,314.932281,-0.269289,137.199707,326.635590,-5.256010,517.310608,58.839352,-5.441198,527.579590,210.610107,19.868435,488.396973,211.662903,-2.133613,520.263123,209.687576,39.847546,453.470978,199.680954,-1.916048,145.324417,331.898010,68.936729,328.140320,198.867783,18.675865,176.112778,199.048828,42.921642,209.923126,35.517338,59.534565,338.778137,204.020691,78.792473,332.638733,208.697418,58.556984,416.728149,207.170212,71.734550,375.958862,201.424500,72.797523,289.170654,199.722260,64.228722,246.418381,44.280659,-3.917834,148.118637
111,0.925000,314.931702,-0.278131,137.197479,326.633453,-5.258571,517.310303,58.840237,-5.446584,527.583008,210.609207,19.865997,488.397705,211.662888,-2.130058,520.264282,209.682617,39.844501,453.475006,199.676437,-1.926031,145.319962,331.899292,68.935257,328.143280,198.867477,18.672712,176.114410,199.048386,42.917728,209.925217,35.513344,59.531643,338.774872,204.018082,78.790474,332.636841,208.695404,58.559189,416.723877,207.172134,71.737961,375.965271,201.421814,72.793320,289.171814,199.721924,64.229210,246.422302,44.276711,-3.925661,148.114853
112,0.933333,314.933167,-0.272151,137.199448,326.634338,-5.257573,517.310974,58.841682,-5.431468,527.583374,210.611435,19.870232,488.396393,211.662872,-2.131891,520.265930,209.687851,39.853554,453.474579,199.677124,-1.915770,145.320343,331.898804,68.938835,328.144165,198.867905,18.671806,176.113434,199.047806,42.925335,209.928116,35.516327,59.542778,338.778412,204.022400,78.800316,332.634430,208.699524,58.559078,416.724579,207.168304,71.729103,375.965302,201.426651,72.803986,289.170532,199.722809,64.229935,246.423965,44.273182,-3.927748,148.119965
113,0.941667,314.932495,-0.271098,137.194977,326.635101,-5.256772,517.310425,58.840961,-5.437741,527.583679,210.608612,19.865690,488.396698,211.662811,-2.131635,520.265076,209.688721,39.855881,453.473816,199.686478,-1.903541,145.321945,331.895813,68.936272,328.144836,198.866791,18.676033,176.112839,199.049835,42.919575,209.923630,35.511723,59.529255,338.777344,204.023361,78.807281,332.634888,208.696701,58.561165,416.722351,207.169388,71.732285,375.962952,201.424988,72.799385,289.165741,199.724869,64.236206,246.420868,44.278316,-3.924028,148.120880
114,0.950000,314.933899,-0.270120,137.199188,326.636566,-5.253876,517.312439,58.840046,-5.430995,527.584106,210.606522,19.873346,488.399139,211.662354,-2.127562,520.272766,209.684830,39.852894,453.476593,199.684174,-1.899044,145.324295,331.900146,68.940781,328.143463,198.861481,18.674370,176.114334,199.050659,42.928574,209.922928,35.517368,59.538467,338.776306,204.021942,78.794266,332.639282,208.699799,58.558628,416.722748,207.169159,71.728836,375.964478,201.427414,72.800240,289.167603,199.726776,64.243851,246.419083,44.280270,-3.917773,148.116394
115,0.958333,314.932312,-0.272243,137.199326,326.635742,-5.260410,517.309937,58.837841,-5.436806,527.584656,210.605652,19.864218,488.397034,211.664825,-2.129254,520.268799,209.685425,39.849499,453.472992,199.684570,-1.903142,145.323715,331.898224,68.934937,328.143616,198.866211,18.670979,176.111847,199.048660,42.922226,209.921066,35.513813,59.534275,338.773743,204.018814,78.792419,332.638367,208.699310,58.553699,416.725250,207.166946,71.728722,375.961212,201.425308,72.800415,289.165833,199.726837,64.242813,246.417007,44.276882,-3.924539,148.112488
116,0.966667,314.930939,-0.279168,137.199142,326.635681,-5.247579,517.310181,58.839600,-5.438719,527.587524,210.610977,19.871010,488.399994,211.659012,-2.138398,520.269531,209.684891,39.851772,453.477539,199.682327,-1.914440,145.321213,331.898376,68.935936,328.145081,198.867096,18.674425,176.115295,199.048737,42.920326,209.922913,35.512760,59.530678,338.776825,204.019287,78.803307,332.639282,208.699539,58.552250,416.727081,207.171265,71.732063,375.962341,201.426010,72.798851,289.168610,199.724823,64.240440,246.421036,44.283176,-3.915991,148.117813
117,0.975000,314.931854,-0.269573,137.195160,326.634552,-5.245466,517.310486,58.840996,-5.427394,527.590576,210.604858,19.865122,488.400543,211.662354,-2.126575,520.265869,209.685776,39.852222,453.475952,199.685242,-1.902798,145.321915,331.898376,68.941162,328.144958,198.863327,18.674734,176.113510,199.050995,42.934097,209.923279,35.514950,59.539501,338.774994,204.022125,78.799156,332.640900,208.699081,58.556953,416.729004,207.169968,71.737053,375.964294,201.422852,72.800453,289.171509,199.724686,64.240990,246.421982,44.279881,-3.916815,148.117096
118,0.983333,314.933472,-0.271536,137.195221,326.635010,-5.252862,517.315491,58.838696,-5.433477,527.584717,210.606232,19.860674,488.400940,211.660751,-2.130239,520.264099,209.687820,39.849918,453.475159,199.679520,-1.915235,145.320526,331.898468,68.934196,328.146332,198.866379,18.667065,176.113113,199.050491,42.920525,209.920441,35.510929,59.524815,338.776703,204.021179,78.796860,332.638123,208.700821,58.554199,416.726318,207.168686,71.734467,375.963501,201.422409,72.786697,289.170197,199.725037,64.235184,246.420059,44.276333,-3.926451,148.114105
119,0.991667,314.928162,-0.279016,137.198059,326.637054,-5.249676,517.315002,58.839466,-5.421125,527.585876,210.607422,19.867178,488.401276,211.666824,-2.116244,520.268921,209.685806,39.861393,453.474670,199.682663,-1.914551,145.322037,331.896973,68.939415,328.144440,198.864960,18.674871,176.113647,199.048203,42.922836,209.922836,35.510746,59.533131,338.777496,204.019852,78.807106,332.637634,208.696182,58.560909,416.726257,207.170120,71.740532,375.962891,201.426208,72.799644,289.170746,199.725739,64.241020,246.419601,44.279655,-3.921814,148.115005
120,1.000000,314.930084,-0.283936,137.197617,326.635071,-5.253544,517.313904,58.835941,-5.437779,527.587891,210.607849,19.867655,488.400726,211.662262,-2.130212,520.263184,209.685577,39.851082,453.477478,199.682770,-1.918232,145.319885,331.897491,68.932632,328.143341,198.866180,18.674068,176.110291,199.049866,42.918938,209.921539,35.517754,59.540073,338.772400,204.018753,78.792557,332.637115,208.701508,58.558456,416.725433,207.168869,71.729004,375.961792,201.427933,72.794922,289.170135,199.723801,64.233612,246.418945,44.287777,-3.914812,148.118652
121,1.008333,314.928497,-0.281759,137.196503,326.636719,-5.251103,517.314270,58.848141,-5.424115,527.589172,210.609818,19.875605,488.400238,211.667053,-2.114331,520.265808,209.686569,39.852921,453.478424,199.680679,-1.909561,145.322937,331.899597,68.940567,328.144440,198.865540,18.674110,176.112289,199.051971,42.930141,209.920883,35.518993,59.546093,338.776276,204.020981,78.800606,332.640533,208.699371,58.562084,416.725739,207.168869,71.737198,375.961853,201.426956,72.800583,289.173767,199.723740,64.237770,246.423737,44.283062,-3.917229,148.115143
122,1.016667,314.932800,-0.276370,137.193756,326.636658,-5.253068,517.314880,58.841625,-5.430934,527.587585,210.608688,19.869576,488.399323,211.663406,-2.121051,520.268066,209.689392,39.857807,453.475189,199.681335,-1.906348,145.322891,331.898834,68.934006,328.144043,198.863739,18.670025,176.113739,199.049545,42.919430,209.919617,35.515934,59.538235,338.778870,204.020645,78.800415,332.637512,208.696716,58.567650,416.724548,207.190033,71.779427,375.955566,201.423462,72.793594,289.169220,199.720840,64.235794,246.419373,44.275421,-3.930690,148.112305
123,1.025000,314.932037,-0.268014,137.194992,326.635468,-5.257040,517.315918,58.840427,-5.432065,527.590515,210.608810,19.868694,488.398590,211.662018,-2.124573,520.268921,209.685608,39.855328,453.475800,199.680542,-1.917249,145.320084,331.897308,68.939217,328.143402,198.866531,18.676197,176.112869,199.049118,42.921444,209.919296,35.510559,59.530369,338.777985,204.019608,78.798096,332.641357,208.698853,58.562206,416.724213,207.172714,71.748146,375.962097,201.422821,72.799339,289.168823,199.723022,64.237762,246.420502,44.280266,-3.917249,148.116211
124,1.033333,314.928375,-0.278591,137.196167,326.637421,-5.246714,517.314453,58.842445,-5.421287,527.589355,210.607346,19.870821,488.400146,211.663239,-2.114323,520.268860,209.689590,39.857002,453.476288,199.677887,-1.916873,145.322113,331.899811,68.939949,328.144897,198.868591,18.677908,176.111786,199.050400,42.924274,209.920013,35.513748,59.538429,338.777985,204.020584,78.798767,332.639435,208.700302,58.561039,416.726379,207.192444,71.779350,375.957550,201.429642,72.794319,289.170349,199.724869,64.236656,246.422134,44.276638,-3.923229,148.115646
125,1.041667,314.931793,-0.283240,137.194870,326.636871,-5.244094,517.314636,58.841965,-5.432290,527.588318,210.604889,19.858744,488.399780,211.665558,-2.126317,520.266907,209.686722,39.855675,453.476624,199.678482,-1.912678,145.317581,331.900360,68.936722,328.142914,198.864975,18.668507,176.111511,199.049789,42.918812,209.918716,35.517441,59.540703,338.772675,204.020676,78.795494,332.639587,208.701599,58.560596,416.725220,207.176193,71.743385,375.960724,201.425446,72.797012,289.168915,199.725983,64.238098,246.419067,44.274094,-3.933788,148.111343
126,1.050000,314.931610,-0.273464,137.197266,326.638336,-5.246866,517.316956,58.840591,-5.422379,527.589539,210.607315,19.874352,488.400909,211.664001,-2.119442,520.274292,209.684982,39.848412,453.481598,199.680267,-1.922080,145.319016,331.896729,68.935570,328.145447,198.866608,18.673212,176.114227,199.049316,42.920979,209.918762,35.517624,59.542122,338.775940,204.018326,78.796272,332.639801,208.700287,58.564316,416.727814,207.164307,71.734886,375.966095,201.424728,72.799072,289.171509,199.723755,64.245895,246.420135,44.278294,-3.922885,148.113327
127,1.058333,314.929413,-0.279146,137.195755,326.635132,-5.257880,517.314392,58.841560,-5.423612,527.585327,210.608475,19.868155,488.401337,211.664413,-2.119914,520.266968,209.687912,39.851303,453.478241,199.679138,-1.925784,145.320206,331.897919,68.941612,328.142242,198.864899,18.670460,176.112183,199.048416,42.923653,209.919785,35.513039,59.532063,338.774933,204.020187,78.798325,332.637756,208.699860,58.560017,416.724426,207.167007,71.727951,375.964508,201.424393,72.793610,289.167877,199.725815,64.236298,246.414154,44.279289,-3.922155,148.114914
128,1.066667,314.929260,-0.285309,137.196228,326.633514,-5.241931,517.318115,58.841438,-5.428198,527.590454,210.604126,19.863728,488.403076,211.664307,-2.115955,520.270142,209.689209,39.855900,453.479126,199.680969,-1.914274,145.321213,331.897583,68.931252,328.145996,198.865540,18.667185,176.113724,199.050278,42.923115,209.922348,35.517029,59.539368,338.779175,204.018448,78.796562,332.639679,208.699753,58.561516,416.727997,207.168030,71.735649,375.964813,201.427841,72.802925,289.170380,199.725403,64.242439,246.417236,44.274654,-3.934932,148.110229
129,1.075000,314.931305,-0.281064,137.195618,326.635010,-5.249580,517.314392,58.842266,-5.420678,527.587524,210.606796,19.867271,488.402100,211.663239,-2.119466,520.270203,209.690704,39.859646,453.478455,199.682648,-1.912882,145.316803,331.897858,68.937225,328.145782,198.863892,18.671186,176.111221,199.049973,42.924217,209.918060,35.516285,59.537266,338.775116,204.017975,78.790764,332.639618,208.699463,58.569080,416.725616,207.171051,71.739159,375.963165,201.425903,72.796127,289.168671,199.721649,64.235336,246.420074,44.278984,-3.922381,148.111191
130,1.083333,314.929016,-0.281463,137.195587,326.636383,-5.254296,517.313904,58.841698,-5.419474,527.586609,210.611115,19.877216,488.400574,211.670700,-2.090104,520.280518,209.689682,39.857517,453.481110,199.678268,-1.917050,145.314651,331.899261,68.935471,328.144196,198.864868,18.675642,176.111328,199.048752,42.921997,209.917740,35.516022,59.535919,338.776276,204.019836,78.803314,332.638245,208.699326,58.558475,416.726227,207.171448,71.735664,375.962799,201.427017,72.795479,289.168091,199.724365,64.238533,246.418304,44.275303,-3.930346,148.109467
131,1.091667,314.928986,-0.289162,137.194962,326.636627,-5.249574,517.315308,58.840183,-5.425470,527.589905,210.608109,19.877151,488.398987,211.664307,-2.121142,520.274902,209.692062,39.857475,453.481293,199.678299,-1.913987,145.317810,331.898987,68.940742,328.142334,198.866180,18.676218,176.110977,199.047653,42.921642,209.918411,35.513329,59.540443,338.775726,204.022873,78.800720,332.638123,208.698639,58.561729,416.727509,207.170258,71.734581,375.965759,201.427460,72.802574,289.169128,199.723938,64.244255,246.418503,44.275520,-3.928897,148.111053
132,1.100000,314.928040,-0.299949,137.191849,326.637085,-5.252620,517.315247,58.841061,-5.423656,527.593079,210.609344,19.870026,488.399231,211.663757,-2.131994,520.270996,209.686600,39.850109,453.478760,199.680252,-1.920200,145.319290,331.898376,68.931610,328.144043,198.865601,18.669340,176.111145,199.050217,42.917099,209.917496,35.514324,59.536983,338.772949,204.021103,78.793495,332.637238,208.700165,58.558853,416.725464,207.169312,71.731827,375.964020,201.425934,72.797905,289.165466,199.726578,64.234856,246.417038,44.271416,-3.940023,148.110931
133,1.108333,314.931213,-0.283023,137.191620,326.635315,-5.249787,517.315369,58.839355,-5.423420,527.590393,210.607681,19.874317,488.401428,211.662827,-2.113008,520.270386,209.688980,39.866039,453.478333,199.677475,-1.921906,145.316666,331.896118,68.937668,328.143433,198.862320,18.674559,176.111771,199.050766,42.918312,209.919052,35.512871,59.534184,338.777679,204.019714,78.797897,332.643951,208.700974,58.564251,416.725220,207.168060,71.731628,375.964325,201.422958,72.799835,289.166290,199.727509,64.241219,246.417252,44.277229,-3.928180,148.111298
134,1.116667,314.933319,-0.272127,137.192230,326.634399,-5.245162,517.311951,58.840290,-5.422252,527.586243,210.606567,19.871548,488.398987,211.661194,-2.121593,520.270813,209.687698,39.852142,453.479492,199.678482,-1.917261,145.314621,331.895660,68.939949,328.144928,198.861115,18.667896,176.112228,199.049850,42.924828,209.918213,35.515087,59.541069,338.778870,204.020294,78.794289,332.641632,208.694885,58.560047,416.724579,207.192612,71.780426,375.956421,201.425934,72.796967,289.166290,199.725311,64.243477,246.416367,44.277176,-3.920599,148.110107
135,1.125000,314.924408,-0.299034,137.191330,326.637177,-5.260161,517.317078,58.842045,-5.430057,527.590637,210.608398,19.862038,488.401306,211.662872,-2.124916,520.268250,209.689423,39.842213,453.480499,199.678101,-1.934040,145.313065,331.898376,68.932190,328.145844,198.862549,18.664858,176.112396,199.049362,42.919041,209.917557,35.508888,59.526939,338.778259,204.017456,78.787918,332.635925,208.698044,58.554073,416.725311,207.173538,71.741219,375.961548,201.423828,72.790657,289.165405,199.722000,64.232384,246.414993,44.272762,-3.938739,148.107651
136,1.133333,314.928528,-0.284891,137.195801,326.641174,-5.243690,517.315979,58.844944,-5.412233,527.590149,210.608353,19.882221,488.398590,211.666901,-2.107481,520.270569,209.689270,39.857769,453.478363,199.679306,-1.918822,145.313828,331.899109,68.935562,328.142120,198.866379,18.676052,176.113754,199.046783,42.917465,209.915726,35.510864,59.533936,338.778412,204.019104,78.800102,332.637878,208.699890,58.565662,416.725708,207.168777,71.733818,375.966827,201.423645,72.794334,289.166290,199.725159,64.236061,246.421341,44.274490,-3.929431,148.110321
137,1.141667,314.930389,-0.283947,137.194214,326.637085,-5.251489,517.313660,58.841309,-5.434954,527.592407,210.607834,19.866175,488.399841,211.661484,-2.129275,520.275024,209.685715,39.848270,453.478180,199.683365,-1.913941,145.319366,331.899048,68.927597,328.142609,198.863007,18.675566,176.110184,199.050446,42.918167,209.916824,35.512524,59.528355,338.774323,204.017944,78.786674,332.639526,208.699158,58.553219,416.725708,207.169205,71.727905,375.964417,201.425644,72.794907,289.167694,199.719467,64.223785,246.420929,44.275532,-3.932786,148.106857
138,1.150000,314.929077,-0.289327,137.194855,326.636627,-5.242323,517.316650,58.842316,-5.419913,527.593445,210.607910,19.877474,488.400146,211.667831,-2.107809,520.287415,209.689865,39.860039,453.478027,199.676453,-1.920948,145.316757,331.897278,68.935921,328.141388,198.864624,18.673561,176.112564,199.049545,42.922501,209.919632,35.512272,59.534603,338.777374,204.018463,78.796173,332.640991,208.700806,58.564117,416.726990,207.168182,71.732246,375.964691,201.428375,72.803604,289.167084,199.723587,64.230804,246.421310,44.272629,-3.931527,148.107559
139,1.158333,314.930603,-0.280194,137.193573,326.637573,-5.254163,517.315369,58.837936,-5.433927,527.593262,210.603729,19.870752,488.399963,211.663239,-2.129318,520.276489,209.687103,39.851479,453.475037,199.680450,-1.922853,145.319199,331.896515,68.929382,328.141907,198.863800,18.665850,176.111389,199.047852,42.918747,209.918076,35.512833,59.533672,338.776672,204.018585,78.787819,332.638977,208.696152,58.556763,416.727020,207.168106,71.732353,375.962189,201.423935,72.798218,289.167023,199.722290,64.230865,246.417496,44.273308,-3.936899,148.106079
140,1.166667,314.928223,-0.278961,137.194366,326.636139,-5.244403,517.313110,58.844086,-5.420830,527.594238,210.609772,19.880123,488.401276,211.666870,-2.110669,520.268372,209.689667,39.857979,453.476654,199.676590,-1.915423,145.315765,331.897430,68.936409,328.143677,198.865082,18.667309,176.112411,199.047607,42.921436,209.918716,35.514503,59.536209,338.777313,204.023117,78.799469,332.637970,208.696777,58.562180,416.723267,207.170807,71.730705,375.963867,201.425964,72.796112,289.168121,199.723297,64.236198,246.416046,44.275391,-3.930775,148.108139
141,1.175000,314.928253,-0.290496,137.193604,326.636047,-5.249105,517.315796,58.844631,-5.423176,527.593506,210.606979,19.870554,488.403473,211.667938,-2.115843,520.267822,209.688004,39.854992,453.479614,199.677994,-1.916460,145.317551,331.896637,68.933205,328.145874,198.863449,18.667770,176.111374,199.048843,42.920349,209.918839,35.515629,59.537464,338.779663,204.020386,78.797829,332.636627,208.696335,58.554180,416.724060,207.168747,71.730667,375.964050,201.426590,72.798492,289.167572,199.724365,64.239914,246.414963,44.286018,-3.914305,148.114639
