0,0.000000,150.477707,-5.299192,235.306992,150.276154,-5.330702,344.854523,150.833527,-4.851144,271.834015,151.303162,-4.678233,199.205261,261.225647,-5.212912,126.014221,150.630981,-6.210831,381.135925,260.589508,-2.735008,489.696472,261.491455,-7.248913,307.894440,150.080795,-5.863962,308.238708,1.638030,-9.185000,308.789246,3.740373,-9.597661,496.158356,150.436539,-6.287977,417.653534,150.577408,-6.658774,454.429840,150.529388,-7.435973,162.519806,151.138474,-6.559877,125.753540,150.885620,-7.258956,491.120636,3.221262,-6.002456,125.408546
1,0.008333,150.476074,-5.308884,235.306473,150.277405,-5.338850,344.858643,150.833435,-4.854124,271.833557,151.294815,-4.710757,199.211029,261.226349,-5.225304,126.015411,150.633255,-6.223083,381.141968,260.587036,-2.742042,489.696564,261.492767,-7.259998,307.894012,150.080292,-5.869586,308.238647,1.635893,-9.194678,308.787384,3.735244,-9.608720,496.160065,150.436996,-6.303145,417.657257,150.572418,-6.676883,454.432404,150.530151,-7.454275,162.517593,151.137024,-6.571180,125.756470,150.888077,-7.261606,491.118835,3.219412,-6.016213,125.410240
2,0.016667,150.477097,-5.293341,235.305084,150.280319,-5.321367,344.859894,150.833405,-4.842229,271.833405,151.361069,-4.644775,199.195160,261.226105,-5.205794,126.017731,150.628113,-6.221977,381.143158,260.588409,-2.724385,489.696747,261.492523,-7.247729,307.894196,150.078766,-5.858978,308.240112,1.670067,-9.128379,308.812134,3.740430,-9.591115,496.157959,150.470169,-6.233466,417.653259,150.577530,-6.655897,454.428802,150.535431,-7.428643,162.517166,151.137421,-6.560699,125.758659,150.892792,-7.242960,491.115753,3.220648,-6.006583,125.411003
3,0.025000,150.475739,-5.303616,235.303345,150.275040,-5.337771,344.861267,150.833405,-4.850194,271.835876,151.299896,-4.688793,199.204285,261.224884,-5.225169,126.013603,150.627487,-6.227397,381.142761,260.587402,-2.739512,489.699402,261.492676,-7.250968,307.890228,150.077988,-5.870056,308.236725,1.627188,-9.215158,308.784454,3.732689,-9.610295,496.160431,150.474319,-6.241459,417.646698,150.573761,-6.670935,454.434265,150.530273,-7.437271,162.514587,151.136902,-6.562867,125.754028,150.886917,-7.265053,491.117279,3.218384,-6.008309,125.409317
4,0.033333,150.476913,-5.294460,235.303772,150.280731,-5.328950,344.856110,150.831970,-4.847532,271.836853,151.299042,-4.690917,199.212875,261.228943,-5.212109,126.015350,150.623764,-6.218190,381.139526,260.590363,-2.731480,489.695801,261.492126,-7.243494,307.890533,150.076263,-5.864199,308.234436,1.631931,-9.203257,308.782074,3.742435,-9.596551,496.158783,150.472626,-6.230883,417.645050,150.574692,-6.659501,454.428986,150.527008,-7.433199,162.515152,151.140213,-6.554514,125.755844,150.891953,-7.247201,491.115967,3.224848,-5.995705,125.412209
5,0.041667,150.475128,-5.308346,235.306458,150.275650,-5.338634,344.860138,150.832199,-4.858094,271.836548,151.295990,-4.703738,199.211288,261.227264,-5.222288,126.013252,150.626297,-6.227684,381.142761,260.590759,-2.746549,489.699310,261.493622,-7.246167,307.893280,150.077347,-5.872378,308.235260,1.630518,-9.203569,308.789001,3.734844,-9.608033,496.162476,150.439301,-6.300773,417.654602,150.577103,-6.672117,454.433807,150.531189,-7.447847,162.518387,151.134659,-6.578529,125.754547,150.884949,-7.266368,491.118103,3.221505,-6.011889,125.409050
6,0.050000,150.474167,-5.298573,235.306854,150.279297,-5.330619,344.857269,150.833359,-4.853574,271.835541,151.299042,-4.692591,199.212448,261.225800,-5.212537,126.013008,150.634125,-6.221496,381.142578,260.590820,-2.733062,489.696198,261.494476,-7.239532,307.894836,150.082642,-5.861606,308.237946,1.671585,-9.135823,308.816986,3.740289,-9.598687,496.157745,150.470673,-6.242036,417.651337,150.573700,-6.666428,454.431274,150.530319,-7.432455,162.515442,151.138489,-6.567786,125.757324,150.887451,-7.253041,491.117950,3.221861,-6.004671,125.410614
7,0.058333,150.476089,-5.290629,235.302170,150.277481,-5.324718,344.851929,150.828171,-4.845149,271.836182,151.298019,-4.687100,199.214310,261.227325,-5.206297,126.013382,150.632172,-6.222500,381.140411,260.587860,-2.728212,489.695618,261.494354,-7.246897,307.896515,150.081024,-5.865652,308.240051,1.634049,-9.191786,308.793579,3.733693,-9.607454,496.161133,150.469757,-6.236950,417.645264,150.571045,-6.671086,454.434753,150.527786,-7.436120,162.516602,151.139969,-6.556415,125.756027,150.890930,-7.254772,491.117950,3.219460,-6.010190,125.409409
8,0.066667,150.526550,-5.207421,235.293457,150.278137,-5.330976,344.855835,150.836060,-4.848670,271.832977,151.411697,-4.609333,199.244385,261.228088,-5.216336,126.010788,150.628281,-6.229114,381.139191,260.587341,-2.739303,489.695862,261.491760,-7.254311,307.892059,150.079376,-5.866082,308.240143,1.638096,-9.187360,308.788422,3.736066,-9.612983,496.159607,150.438995,-6.294548,417.653412,150.575928,-6.667069,454.428894,150.532669,-7.441758,162.514832,151.140457,-6.561096,125.754921,150.889893,-7.255208,491.119110,3.220426,-6.009051,125.405968
9,0.075000,150.486862,-5.278693,235.294785,150.280243,-5.326591,344.858521,150.831345,-4.849513,271.834503,151.300995,-4.694746,199.216370,261.227325,-5.218884,126.011192,150.629959,-6.229611,381.142975,260.593262,-2.731179,489.697968,261.490021,-7.248807,307.893982,150.078171,-5.872490,308.240417,1.628622,-9.210429,308.780334,3.734328,-9.602366,496.161102,150.438080,-6.292560,417.660797,150.571732,-6.665567,454.430603,150.531433,-7.450489,162.518677,151.142014,-6.562837,125.754402,150.888123,-7.256143,491.120941,3.223758,-6.008307,125.407204
10,0.083333,150.474060,-5.302902,235.305206,150.277618,-5.330784,344.855530,150.832092,-4.845438,271.838257,151.302902,-4.685447,199.213989,261.228241,-5.213199,126.012909,150.626617,-6.221308,381.138977,260.588898,-2.737032,489.697266,261.493164,-7.247118,307.893799,150.077377,-5.861176,308.240356,1.636474,-9.190714,308.790253,3.740929,-9.598228,496.156982,150.469833,-6.241535,417.647247,150.571762,-6.665649,454.432281,150.527420,-7.434011,162.518890,151.136948,-6.556876,125.755188,150.890991,-7.255160,491.115356,3.221714,-6.010785,125.408348
11,0.091667,150.477234,-5.301876,235.307526,150.280411,-5.325315,344.857452,150.836334,-4.843054,271.839966,151.359833,-4.653894,199.194061,261.227875,-5.217025,126.014755,150.630386,-6.222248,381.142273,260.589386,-2.741638,489.701843,261.490112,-7.250647,307.892334,150.076981,-5.864112,308.239685,1.634780,-9.193247,308.789642,3.735645,-9.609619,496.158752,150.473679,-6.238936,417.643066,150.575333,-6.664015,454.428925,150.527176,-7.438296,162.514130,151.139801,-6.562113,125.753624,150.890533,-7.255573,491.117126,3.225457,-5.997994,125.408112
12,0.100000,150.476532,-5.302421,235.304688,150.279892,-5.328435,344.854706,150.830994,-4.848184,271.837646,151.304153,-4.680142,199.205475,261.224762,-5.222176,126.013725,150.630417,-6.221296,381.144531,260.589172,-2.729656,489.697083,261.491516,-7.251355,307.894073,150.082993,-5.859056,308.237335,1.634585,-9.189178,308.787781,3.737509,-9.606132,496.160553,150.475464,-6.236818,417.644714,150.574524,-6.663469,454.433838,150.531448,-7.439177,162.514038,151.139252,-6.562898,125.757111,150.886963,-7.254803,491.116547,3.224327,-6.004117,125.406952
13,0.108333,150.474228,-5.308802,235.303528,150.280487,-5.335026,344.855286,150.833984,-4.861362,271.836487,151.343857,-4.666260,199.269470,261.226349,-5.227896,126.012756,150.628403,-6.236985,381.143463,260.590881,-2.739520,489.698181,261.492096,-7.256877,307.896088,150.076981,-5.866374,308.237427,1.627341,-9.215213,308.782745,3.736467,-9.615673,496.162933,150.440292,-6.296194,417.653931,150.570862,-6.676743,454.433533,150.531494,-7.447727,162.514709,151.136139,-6.572248,125.753510,150.889572,-7.263522,491.115234,3.226263,-6.007886,125.405968
14,0.116667,150.476227,-5.296950,235.304077,150.282089,-5.326353,344.859802,150.834900,-4.849792,271.837219,151.291672,-4.709413,199.225418,261.229218,-5.212114,126.013786,150.630096,-6.224466,381.142029,260.587708,-2.732773,489.697144,261.490875,-7.251157,307.895813,150.078049,-5.864075,308.238190,1.636491,-9.188990,308.790619,3.739866,-9.605557,496.160522,150.439316,-6.292209,417.659973,150.579453,-6.653231,454.428528,150.531448,-7.439170,162.516525,151.136734,-6.561746,125.757278,150.891571,-7.248183,491.113678,3.225775,-5.998735,125.405731
15,0.125000,150.475296,-5.306448,235.303986,150.276840,-5.339705,344.861023,150.834824,-4.851139,271.835236,151.294434,-4.698590,199.206650,261.227417,-5.217871,126.015869,150.629669,-6.229785,381.142273,260.588684,-2.741960,489.697693,261.490723,-7.257227,307.895264,150.079453,-5.871389,308.238495,1.633116,-9.195594,308.794067,3.737034,-9.606992,496.159088,150.468842,-6.249359,417.649963,150.575638,-6.672277,454.430908,150.528580,-7.430838,162.516983,151.140961,-6.563001,125.755203,150.888260,-7.259408,491.115906,3.223629,-6.003585,125.406860
16,0.133333,150.477478,-5.297972,235.303497,150.276657,-5.331885,344.858582,150.834427,-4.847810,271.833221,151.296127,-4.692099,199.206604,261.225891,-5.209379,126.015289,150.645981,-6.288983,381.142914,260.588654,-2.728993,489.695404,261.491943,-7.244946,307.893005,150.079041,-5.864333,308.238892,1.635354,-9.185558,308.790497,3.737481,-9.604943,496.161224,150.472992,-6.238002,417.648560,150.571503,-6.666506,454.432098,150.526871,-7.445709,162.516876,151.142883,-6.553885,125.754562,150.888901,-7.254347,491.118713,3.223113,-6.004529,125.406418
17,0.141667,150.476486,-5.300794,235.304825,150.277359,-5.328645,344.860504,150.837875,-4.837075,271.839508,151.346909,-4.652965,199.263474,261.230133,-5.209104,126.014618,150.629669,-6.218416,381.145416,260.592438,-2.730711,489.698730,261.489868,-7.254336,307.894135,150.077286,-5.865784,308.239227,1.634676,-9.191444,308.790588,3.736948,-9.611688,496.160980,150.443054,-6.289611,417.657166,150.570114,-6.665956,454.433502,150.530579,-7.432371,162.512207,151.141632,-6.558766,125.755386,150.886520,-7.256985,491.119537,3.219768,-6.012290,125.407204
18,0.150000,150.474854,-5.307406,235.304581,150.278976,-5.339334,344.860382,150.832153,-4.862295,271.835419,151.356445,-4.663347,199.201157,261.227478,-5.221114,126.013878,150.645874,-6.290239,381.144043,260.587036,-2.745687,489.697906,261.490906,-7.252218,307.894379,150.078918,-5.868865,308.237213,1.666521,-9.143633,308.814697,3.737754,-9.607476,496.157898,150.469055,-6.246163,417.649933,150.576019,-6.667492,454.433960,150.530838,-7.441400,162.515167,151.139969,-6.566776,125.751839,150.889572,-7.260334,491.118042,3.219904,-6.007514,125.407234
19,0.158333,150.475876,-5.299559,235.303772,150.281113,-5.332238,344.858459,150.836136,-4.841125,271.841339,151.302017,-4.681963,199.209229,261.225525,-5.215004,126.015930,150.630280,-6.221178,381.147827,260.588806,-2.730850,489.695496,261.494324,-7.245166,307.893311,150.079819,-5.858041,308.236847,1.636157,-9.190698,308.792175,3.734903,-9.606402,496.159027,150.442062,-6.288038,417.654175,150.576218,-6.663999,454.434265,150.525574,-7.444862,162.515305,151.139557,-6.557128,125.758186,150.890717,-7.250114,491.116333,3.223547,-6.002729,125.411537
20,0.166667,150.475357,-5.301290,235.302490,150.279541,-5.332867,344.860443,150.832794,-4.854097,271.837189,151.358856,-4.652419,199.194107,261.225342,-5.222966,126.014664,150.644318,-6.191372,381.150330,260.590485,-2.733423,489.698517,261.490509,-7.246103,307.891388,150.077591,-5.873102,308.237854,1.631104,-9.197303,308.789429,3.738309,-9.608996,496.160126,150.467880,-6.255984,417.649872,150.572342,-6.670988,454.433716,150.527008,-7.452940,162.517807,151.137650,-6.560288,125.755089,150.888474,-7.256014,491.117950,3.220554,-6.012830,125.408440
21,0.175000,150.475204,-5.294474,235.300491,150.278748,-5.324590,344.858398,150.835892,-4.838969,271.834900,151.352692,-4.632204,199.253998,261.224884,-5.215457,126.017181,150.631348,-6.223083,381.138336,260.590637,-2.730002,489.697998,261.492767,-7.243277,307.891052,150.078995,-5.860365,308.238281,1.672400,-9.131317,308.814575,3.740636,-9.607716,496.161774,150.441406,-6.282749,417.654114,150.573044,-6.661051,454.427948,150.527069,-7.437796,162.516617,151.142914,-6.552590,125.753700,150.887543,-7.249869,491.114532,3.223238,-6.000171,125.410439
22,0.183333,150.478683,-5.295095,235.300201,150.277222,-5.339391,344.857849,150.834549,-4.846246,271.836853,151.353104,-4.671226,199.201904,261.225616,-5.220130,126.015709,150.629242,-6.224492,381.138794,260.585968,-2.742515,489.700012,261.491089,-7.248276,307.894623,150.078690,-5.870391,308.238159,1.631464,-9.199808,308.793152,3.738516,-9.612873,496.161591,150.468048,-6.249618,417.648895,150.571503,-6.668009,454.431305,150.527115,-7.451407,162.518204,151.135834,-6.571477,125.754951,150.885330,-7.261721,491.118744,3.217797,-6.016292,125.407059
23,0.191667,150.474442,-5.300772,235.300858,150.279022,-5.331809,344.857391,150.833389,-4.858735,271.837433,151.364548,-4.636661,199.190552,261.227051,-5.219423,126.017395,150.629303,-6.225571,381.142273,260.586578,-2.735780,489.700317,261.492340,-7.251927,307.895538,150.080750,-5.867918,308.238403,1.626211,-9.214926,308.782166,3.736496,-9.615319,496.160248,150.473587,-6.243657,417.645538,150.577896,-6.667807,454.430511,150.527557,-7.443000,162.513504,151.136597,-6.567530,125.754074,150.884232,-7.265653,491.120575,3.221591,-6.009034,125.410912
24,0.200000,150.477753,-5.290697,235.303894,150.280548,-5.336959,344.854340,150.834030,-4.843401,271.835327,151.302444,-4.677604,199.205246,261.229095,-5.212041,126.017433,150.627609,-6.227300,381.142670,260.589905,-2.731070,489.699188,261.490356,-7.243995,307.891632,150.080612,-5.868432,308.236267,1.628532,-9.207084,308.782074,3.740204,-9.593122,496.159424,150.471725,-6.235510,417.645905,150.571579,-6.671575,454.432434,150.526978,-7.430790,162.517593,151.144287,-6.547239,125.758965,150.888992,-7.256955,491.117981,3.223797,-5.997429,125.414581
25,0.208333,150.479935,-5.299510,235.304291,150.278854,-5.326392,344.854370,150.831635,-4.849782,271.833801,151.362335,-4.649182,199.195496,261.226227,-5.219260,126.013680,150.630814,-6.226887,381.141235,260.589478,-2.737006,489.699615,261.490936,-7.253371,307.892578,150.076782,-5.864612,308.235687,1.637237,-9.192051,308.787903,3.739043,-9.611210,496.162506,150.469620,-6.242321,417.648560,150.576019,-6.665736,454.430145,150.526291,-7.434130,162.516296,151.137268,-6.563903,125.754822,150.891556,-7.256216,491.115662,3.221912,-6.003087,125.412315
26,0.216667,150.475311,-5.298886,235.304047,150.275284,-5.338536,344.859161,150.833832,-4.850029,271.832550,151.302002,-4.684164,199.206894,261.226746,-5.216683,126.014114,150.633179,-6.209942,381.139587,260.589630,-2.735783,489.697296,261.491791,-7.241437,307.891113,150.081024,-5.865474,308.236023,1.674362,-9.134706,308.814056,3.739095,-9.600986,496.160126,150.469574,-6.249725,417.644867,150.575989,-6.671759,454.434418,150.528107,-7.436481,162.517014,151.142029,-6.558788,125.755966,150.888687,-7.253220,491.114960,3.225048,-5.998312,125.411972
27,0.225000,150.478363,-5.297961,235.305557,150.279053,-5.336355,344.858124,150.833771,-4.857186,271.833374,151.400787,-4.623172,199.248993,261.227600,-5.221638,126.015259,150.630386,-6.232499,381.141724,260.587463,-2.735574,489.694550,261.490479,-7.254734,307.890930,150.077255,-5.871807,308.235870,1.624534,-9.215767,308.783173,3.737127,-9.614440,496.160004,150.467834,-6.253857,417.645813,150.568329,-6.682737,454.434204,150.527328,-7.450326,162.518127,151.139206,-6.574760,125.753639,150.886078,-7.264041,491.121094,3.222843,-6.012519,125.411346
28,0.233333,150.477264,-5.294186,235.306366,150.278534,-5.324345,344.856537,150.838654,-4.839808,271.835754,151.348969,-4.639178,199.268845,261.226288,-5.211580,126.014740,150.630524,-6.215865,381.139923,260.589661,-2.731142,489.696411,261.487488,-7.249604,307.888916,150.081985,-5.858173,308.237244,1.628537,-9.207887,308.777252,3.737586,-9.606333,496.160126,150.473755,-6.237940,417.646881,150.573654,-6.670493,454.433624,150.527222,-7.437283,162.516632,151.139664,-6.557847,125.756996,150.889633,-7.253559,491.118042,3.219450,-6.006813,125.410912
29,0.241667,150.477036,-5.294784,235.308273,150.279449,-5.335514,344.857849,150.837463,-4.850869,271.836060,151.302277,-4.695346,199.223160,261.226501,-5.214663,126.016525,150.648209,-6.282275,381.142120,260.591248,-2.735504,489.697540,261.490906,-7.249102,307.895691,150.078217,-5.873884,308.235809,1.635988,-9.193169,308.783600,3.741148,-9.603248,496.160034,150.471207,-6.245468,417.648132,150.576004,-6.670899,454.430969,150.529892,-7.434231,162.518204,151.143341,-6.556400,125.758659,150.894638,-7.255072,491.120483,3.221856,-6.006395,125.411896
30,0.250000,150.476227,-5.302282,235.301743,150.277603,-5.336249,344.854553,150.831741,-4.850420,271.833893,151.298767,-4.688914,199.214951,261.223938,-5.224655,126.015381,150.632416,-6.232846,381.141907,260.590759,-2.729043,489.694794,261.491028,-7.252815,307.890320,150.079636,-5.862148,308.236725,1.627247,-9.209997,308.778961,3.740948,-9.607857,496.158875,150.472458,-6.244527,417.644531,150.575958,-6.664059,454.428589,150.533035,-7.447305,162.518448,151.139709,-6.565769,125.753242,150.891830,-7.251769,491.115845,3.223287,-6.003736,125.410553
31,0.258333,150.477371,-5.294477,235.305527,150.283997,-5.329488,344.857330,150.838699,-4.839642,271.836823,151.299744,-4.687354,199.211334,261.227081,-5.217156,126.017166,150.625809,-6.226544,381.141846,260.591797,-2.730668,489.696259,261.492950,-7.247830,307.891235,150.082199,-5.865471,308.235199,1.627867,-9.211001,308.781525,3.739681,-9.607611,496.162201,150.443085,-6.293628,417.655334,150.571136,-6.667549,454.432098,150.529617,-7.438691,162.519669,151.140137,-6.558746,125.755280,150.887711,-7.264539,491.117340,3.220310,-6.011849,125.410896
32,0.266667,150.474548,-5.302176,235.304764,150.278152,-5.335271,344.858643,150.836365,-4.848554,271.837555,151.300827,-4.691194,199.218445,261.225189,-5.224680,126.015427,150.630707,-6.227859,381.141022,260.588623,-2.737115,489.699677,261.492706,-7.249669,307.892090,150.081863,-5.865644,308.236694,1.633497,-9.211783,308.780029,3.737604,-9.612786,496.157867,150.439316,-6.305972,417.660797,150.574280,-6.677577,454.435364,150.529114,-7.454110,162.517853,151.136093,-6.568619,125.756325,150.888535,-7.260666,491.116821,3.217088,-6.012375,125.410530
33,0.275000,150.477509,-5.290844,235.304596,150.278793,-5.330019,344.860321,150.836731,-4.842893,271.839691,151.301117,-4.684165,199.218185,261.224091,-5.211149,126.015678,150.632172,-6.217914,381.141602,260.589478,-2.723845,489.697113,261.495880,-7.247200,307.891235,150.081909,-5.859067,308.238922,1.671605,-9.131615,308.811371,3.739931,-9.604621,496.160583,150.467621,-6.244566,417.648560,150.572800,-6.667537,454.428162,150.526245,-7.440358,162.518509,151.139099,-6.555091,125.753891,150.891724,-7.249466,491.115967,3.221905,-5.997845,125.411766
34,0.283333,150.475739,-5.303069,235.308395,150.276871,-5.340955,344.858826,150.832565,-4.858670,271.838715,151.297394,-4.697946,199.211975,261.225159,-5.221404,126.014053,150.630463,-6.222447,381.140930,260.590240,-2.730719,489.696350,261.492126,-7.254836,307.895264,150.082031,-5.871411,308.237762,1.629138,-9.202164,308.789307,3.736845,-9.622643,496.162445,150.470520,-6.246720,417.644135,150.573578,-6.672982,454.431793,150.529556,-7.437186,162.514023,151.139786,-6.563504,125.756592,150.885010,-7.268420,491.120544,3.216191,-6.018482,125.409630
35,0.291667,150.471741,-5.300390,235.309067,150.277740,-5.334369,344.859528,150.832367,-4.851841,271.840637,151.360428,-4.650055,199.199707,261.224823,-5.219575,126.013603,150.646698,-6.180480,381.149780,260.585999,-2.734101,489.697845,261.490326,-7.256499,307.896027,150.078125,-5.865670,308.237976,1.630388,-9.198097,308.787872,3.739059,-9.610255,496.159607,150.443085,-6.287705,417.656860,150.572693,-6.670165,454.431732,150.528748,-7.439435,162.516403,151.138718,-6.559228,125.757690,150.887985,-7.263608,491.120667,3.218531,-6.015048,125.411896
36,0.300000,150.478378,-5.289870,235.306580,150.279083,-5.331958,344.856445,150.833847,-4.845329,271.838501,151.302139,-4.678561,199.206833,261.227264,-5.215294,126.015511,150.630661,-6.220494,381.140442,260.589081,-2.734117,489.698486,261.493927,-7.254340,307.894928,150.078354,-5.868272,308.242493,1.636355,-9.187438,308.792847,3.739423,-9.602949,496.158081,150.467422,-6.249523,417.648712,150.576492,-6.666865,454.430389,150.530472,-7.440939,162.514511,151.138046,-6.568681,125.754105,150.890198,-7.261748,491.119751,3.219301,-6.009542,125.411957
37,0.308333,150.476501,-5.293399,235.306717,150.279388,-5.328369,344.856293,150.831635,-4.847890,271.840454,151.364746,-4.640192,199.198257,261.224640,-5.222545,126.014488,150.629181,-6.219120,381.141174,260.590210,-2.737507,489.696564,261.490265,-7.251037,307.892548,150.079559,-5.865101,308.238800,1.637101,-9.187836,308.794800,3.736914,-9.606033,496.160065,150.441513,-6.289811,417.655975,150.576553,-6.669806,454.431793,150.528351,-7.438218,162.518127,151.137039,-6.562153,125.756668,150.887115,-7.258819,491.118713,3.218006,-6.010553,125.409752
38,0.316667,150.476379,-5.308168,235.309006,150.280121,-5.335350,344.860809,150.832748,-4.857991,271.839569,151.297974,-4.699780,199.208328,261.224609,-5.220379,126.017082,150.629501,-6.230866,381.142822,260.588440,-2.741117,489.700348,261.490692,-7.252387,307.895081,150.074692,-5.868669,308.237549,1.626445,-9.214772,308.790955,3.734534,-9.620280,496.163055,150.466248,-6.254844,417.650940,150.572144,-6.680745,454.434357,150.529541,-7.442278,162.511841,151.134842,-6.578337,125.754578,150.885208,-7.265679,491.119537,3.220121,-6.014489,125.408531
39,0.325000,150.472702,-5.300092,235.305206,150.277451,-5.330252,344.861145,150.833481,-4.836366,271.837463,151.298904,-4.693900,199.214966,261.224701,-5.219320,126.015800,150.648956,-6.172040,381.148407,260.589417,-2.734288,489.696320,261.487152,-7.254988,307.895203,150.081131,-5.858014,308.240387,1.667754,-9.139835,308.820679,3.737640,-9.608104,496.162476,150.468887,-6.234736,417.647461,150.575577,-6.656410,454.428192,150.525650,-7.439332,162.516006,151.139221,-6.558076,125.755325,150.892807,-7.247892,491.113190,3.220526,-6.009626,125.410797
40,0.333333,150.473068,-5.303895,235.303787,150.278610,-5.330409,344.859985,150.830139,-4.857375,271.838593,151.297592,-4.691274,199.215561,261.225830,-5.219606,126.014587,150.628082,-6.231185,381.143158,260.586426,-2.737028,489.695312,261.488129,-7.251838,307.896088,150.078094,-5.860783,308.238800,1.631328,-9.199492,308.794189,3.736292,-9.620369,496.161377,150.462128,-6.250602,417.645142,150.573105,-6.670971,454.429626,150.521133,-7.448419,162.516235,151.134567,-6.567297,125.750916,150.887802,-7.261778,491.118591,3.220630,-6.013499,125.407486
41,0.341667,150.473083,-5.299408,235.302582,150.278641,-5.325999,344.860901,150.832184,-4.856181,271.839233,151.297195,-4.691789,199.211166,261.227600,-5.220819,126.012894,150.628387,-6.223341,381.143707,260.589325,-2.732654,489.696350,261.488861,-7.248965,307.894958,150.079391,-5.863290,308.238251,1.632948,-9.188535,308.791809,3.743758,-9.599586,496.157715,150.467712,-6.249819,417.647125,150.577347,-6.667084,454.429718,150.523895,-7.439122,162.514328,151.137589,-6.557272,125.756935,150.889130,-7.259281,491.116882,3.220761,-6.004816,125.408592
42,0.350000,150.475677,-5.298181,235.309937,150.277557,-5.335094,344.862762,150.831390,-4.856985,271.844238,151.295151,-4.703468,199.214920,261.225464,-5.222053,126.015587,150.630264,-6.219930,381.145294,260.584991,-2.735097,489.699097,261.489868,-7.252739,307.897430,150.075287,-5.871545,308.242706,1.665295,-9.152683,308.814850,3.733660,-9.611607,496.160522,150.438171,-6.297660,417.658112,150.572479,-6.676330,454.435272,150.526306,-7.442619,162.515747,151.136322,-6.570733,125.757812,150.883881,-7.272787,491.125122,3.217024,-6.018198,125.407753
43,0.358333,150.476120,-5.300575,235.302460,150.276962,-5.330287,344.857147,150.830734,-4.857986,271.838043,151.407394,-4.605842,199.244675,261.224182,-5.224631,126.015678,150.630569,-6.221762,381.143005,260.590149,-2.738600,489.694916,261.490417,-7.256800,307.894867,150.076553,-5.866646,308.241516,1.633690,-9.192667,308.794861,3.736956,-9.615398,496.156311,150.466385,-6.252097,417.648956,150.573868,-6.673784,454.429504,150.528305,-7.447911,162.515472,151.138123,-6.562990,125.752701,150.890335,-7.258471,491.113800,3.216365,-6.013722,125.403893
44,0.366667,150.478561,-5.292985,235.306595,150.279480,-5.330255,344.863251,150.832443,-4.849168,271.846375,151.294067,-4.702103,199.212646,261.226013,-5.217412,126.021805,150.635712,-6.216815,381.146454,260.589111,-2.727377,489.700012,261.493866,-7.240305,307.900391,150.081085,-5.854764,308.241547,1.670268,-9.136168,308.819153,3.742894,-9.599257,496.161896,150.470215,-6.245078,417.649261,150.573227,-6.672082,454.435547,150.529739,-7.438237,162.516907,151.139389,-6.560502,125.757393,150.889725,-7.257011,491.120270,3.223346,-6.009825,125.413536
45,0.375000,150.472672,-5.297129,235.301102,150.280670,-5.323532,344.857422,150.829056,-4.860599,271.836792,151.301437,-4.686478,199.211426,261.219971,-5.222700,126.015572,150.628601,-6.228130,381.141022,260.585236,-2.739487,489.695587,261.486115,-7.266274,307.893646,150.076843,-5.870883,308.235474,1.633072,-9.196284,308.789185,3.737314,-9.612910,496.156342,150.437149,-6.300417,417.656158,150.573074,-6.666312,454.427429,150.526550,-7.452834,162.514481,151.133377,-6.571054,125.750732,150.887787,-7.265589,491.116791,3.215132,-6.024292,125.406906
46,0.383333,150.476135,-5.302251,235.304794,150.278214,-5.330858,344.862823,150.834579,-4.851595,271.839691,151.294815,-4.701720,199.208572,261.227356,-5.223752,126.017273,150.629532,-6.217931,381.145111,260.589294,-2.740174,489.699493,261.493103,-7.250528,307.895020,150.083023,-5.856910,308.241974,1.640649,-9.182736,308.791290,3.742120,-9.605787,496.161896,150.470886,-6.239491,417.653748,150.575500,-6.664629,454.431122,150.530258,-7.438000,162.513260,151.136612,-6.565349,125.757858,150.892319,-7.262632,491.121429,3.222040,-6.013626,125.413971
47,0.391667,150.469315,-5.315534,235.304306,150.271439,-5.341977,344.861237,150.826553,-4.861302,271.835663,151.355988,-4.648382,199.195404,261.224182,-5.221898,126.013252,150.623642,-6.227549,381.141998,260.583893,-2.743019,489.697357,261.486786,-7.259130,307.892639,150.074600,-5.869188,308.239075,1.627263,-9.200801,308.792419,3.734186,-9.619855,496.159943,150.436646,-6.300646,417.658295,150.572083,-6.673668,454.432709,150.524200,-7.456794,162.513962,151.132919,-6.566607,125.755814,150.882248,-7.272036,491.121735,3.215548,-6.016010,125.408188
48,0.400000,150.475769,-5.298421,235.305420,150.280426,-5.329886,344.861542,150.835175,-4.841052,271.835907,151.301575,-4.690149,199.207611,261.229431,-5.216688,126.014366,150.633774,-6.208241,381.143890,260.590179,-2.721134,489.696686,261.494202,-7.245232,307.894165,150.082703,-5.860237,308.243286,1.635377,-9.186780,308.792725,3.746148,-9.606498,496.157379,150.474380,-6.229061,417.647766,150.575409,-6.665151,454.431976,150.528000,-7.440035,162.515030,151.145355,-6.555671,125.755501,150.892273,-7.257425,491.117157,3.220283,-6.005514,125.407639
49,0.408333,150.474533,-5.302141,235.305130,150.280136,-5.330095,344.861298,150.832184,-4.845071,271.841125,151.349991,-4.661668,199.198181,261.225891,-5.217365,126.014488,150.625275,-6.224521,381.147522,260.588928,-2.734849,489.698181,261.487335,-7.252971,307.896790,150.075546,-5.864293,308.243073,1.633974,-9.190572,308.793915,3.736071,-9.617998,496.163544,150.435272,-6.291382,417.662628,150.572128,-6.659720,454.432831,150.529922,-7.428927,162.516922,151.133835,-6.570930,125.755341,150.887970,-7.261498,491.115906,3.222520,-6.006309,125.411453
50,0.416667,150.480804,-5.301567,235.300262,150.278488,-5.333220,344.856903,150.835480,-4.850002,271.834106,151.302399,-4.688356,199.203644,261.225037,-5.228522,126.013008,150.632019,-6.223184,381.143555,260.590576,-2.735869,489.697021,261.489960,-7.262011,307.893524,150.081360,-5.865663,308.238678,1.634021,-9.200085,308.789825,3.736535,-9.614690,496.158661,150.470627,-6.246736,417.650330,150.573013,-6.671093,454.431122,150.530319,-7.450544,162.515671,151.134766,-6.573613,125.751671,150.893356,-7.250862,491.114838,3.224537,-6.012500,125.407532
51,0.425000,150.475311,-5.298964,235.303848,150.278183,-5.333804,344.861267,150.830582,-4.853172,271.838593,151.290298,-4.708768,199.214005,261.226318,-5.219901,126.017944,150.624084,-6.228586,381.145905,260.590363,-2.735248,489.697815,261.489105,-7.248824,307.893250,150.082840,-5.864890,308.239655,1.632874,-9.192708,308.792236,3.735725,-9.604882,496.159882,150.471970,-6.239694,417.650513,150.572769,-6.662871,454.434479,150.530579,-7.441339,162.516769,151.135635,-6.559286,125.759422,150.888138,-7.257558,491.120056,3.218805,-6.013904,125.411186
52,0.433333,150.473831,-5.304247,235.300613,150.278336,-5.334270,344.857574,150.831253,-4.859395,271.835876,151.407288,-4.618155,199.245010,261.228210,-5.221807,126.012100,150.626648,-6.226818,381.141663,260.590149,-2.738338,489.697937,261.491302,-7.259935,307.891113,150.076035,-5.868313,308.236816,1.635575,-9.193685,308.790009,3.738344,-9.614936,496.155243,150.469727,-6.246823,417.650208,150.574936,-6.663755,454.427338,150.527634,-7.450332,162.515808,151.137558,-6.572237,125.752701,150.888611,-7.265053,491.116272,3.215446,-6.017653,125.404655
53,0.441667,150.474503,-5.294416,235.305847,150.278198,-5.324664,344.860413,150.836151,-4.834847,271.835205,151.298370,-4.683544,199.213318,261.227478,-5.210148,126.014275,150.630997,-6.216097,381.142609,260.588715,-2.724751,489.698029,261.490082,-7.245927,307.893402,150.078491,-5.857865,308.238220,1.635850,-9.183199,308.788971,3.738875,-9.597646,496.160034,150.418030,-6.154739,417.603943,150.572067,-6.646284,454.431915,150.529083,-7.433248,162.518097,151.138885,-6.548187,125.757530,150.890350,-7.246599,491.117493,3.220789,-6.001494,125.412422
54,0.450000,150.470322,-5.315320,235.301361,150.276154,-5.339627,344.857666,150.831299,-4.863992,271.834564,151.290771,-4.713765,199.207504,261.225281,-5.228086,126.009018,150.625854,-6.228486,381.142059,260.587067,-2.740509,489.697083,261.488708,-7.260677,307.893066,150.077393,-5.876051,308.236694,1.621792,-9.227128,308.779633,3.728633,-9.629046,496.160217,150.467743,-6.240405,417.640747,150.570770,-6.674319,454.433105,150.531952,-7.443720,162.513489,151.127518,-6.588589,125.748383,150.882751,-7.277657,491.119171,3.209888,-6.029260,125.405060
55,0.458333,150.476944,-5.300467,235.305496,150.282608,-5.330634,344.859711,150.836243,-4.845347,271.837616,151.362808,-4.648819,199.194534,261.228180,-5.216835,126.015900,150.632797,-6.214636,381.143921,260.588135,-2.727679,489.697876,261.490601,-7.249883,307.896759,150.080841,-5.861194,308.241089,1.637416,-9.182812,308.794098,3.740321,-9.602186,496.159393,150.472321,-6.235721,417.654083,150.579498,-6.654666,454.434875,150.533371,-7.428117,162.515030,151.140121,-6.556699,125.756187,150.894089,-7.249167,491.117645,3.219872,-6.010790,125.410896
56,0.466667,150.473587,-5.308929,235.304718,150.272858,-5.340080,344.858887,150.827972,-4.863675,271.832275,151.292755,-4.701140,199.203323,261.224304,-5.226514,126.014832,150.627411,-6.228083,381.141632,260.585693,-2.739460,489.699677,261.488495,-7.261866,307.891907,150.073349,-5.876667,308.237976,1.627459,-9.200638,308.791229,3.731743,-9.622096,496.161255,150.466202,-6.254140,417.650299,150.573792,-6.671994,454.434021,150.530106,-7.433832,162.512131,151.131714,-6.577250,125.756310,150.882858,-7.269924,491.125916,3.213999,-6.017377,125.410706
57,0.475000,150.480408,-5.294143,235.308762,150.282211,-5.320688,344.859192,150.835434,-4.838324,271.837372,151.297043,-4.699176,199.217682,261.227997,-5.212895,126.015335,150.634811,-6.208615,381.141815,260.592712,-2.729424,489.697906,261.495636,-7.243377,307.891968,150.084518,-5.858471,308.240479,1.674117,-9.127204,308.818604,3.740685,-9.598891,496.157959,150.441467,-6.282926,417.659454,150.576660,-6.662042,454.433014,150.528214,-7.438223,162.516876,151.137253,-6.561999,125.760155,150.892639,-7.246673,491.118378,3.218256,-6.008323,125.410240
58,0.483333,150.472717,-5.312321,235.303925,150.275787,-5.342043,344.858673,150.829926,-4.861550,271.837433,151.355499,-4.661784,199.200928,261.225616,-5.231196,126.011047,150.627808,-6.236656,381.141937,260.588074,-2.740012,489.700775,261.490570,-7.260080,307.892883,150.076385,-5.884042,308.239136,1.623281,-9.209043,308.793365,3.731192,-9.625621,496.160736,150.462265,-6.259291,417.654510,150.571548,-6.674549,454.435669,150.527008,-7.444631,162.508850,151.133041,-6.581346,125.755463,150.886871,-7.268006,491.122772,3.216518,-6.022939,125.408623
59,0.491667,150.476089,-5.299046,235.306976,150.276413,-5.333511,344.856842,150.833481,-4.850387,271.840027,151.296890,-4.695204,199.206055,261.226593,-5.216842,126.016006,150.626236,-6.220861,381.139954,260.588654,-2.735636,489.698761,261.489746,-7.243112,307.893921,150.075531,-5.861833,308.239960,1.628081,-9.203506,308.784424,3.737246,-9.604277,496.156128,150.443359,-6.292659,417.657349,150.572601,-6.657687,454.435455,150.527328,-7.445928,162.517059,151.138245,-6.561473,125.755280,150.887711,-7.255296,491.119019,3.216725,-6.016608,125.405998
60,0.500000,150.527908,-5.215528,235.295166,150.277954,-5.333041,344.858154,150.834305,-4.859428,271.839233,151.293381,-4.696307,199.218430,261.225861,-5.224356,126.016541,150.626831,-6.218023,381.140869,260.587250,-2.734753,489.700134,261.488739,-7.250580,307.893738,150.078842,-5.869624,308.240662,1.635798,-9.188877,308.787781,3.738067,-9.608142,496.157837,150.468277,-6.248822,417.653107,150.572235,-6.676262,454.438019,150.526718,-7.437286,162.514816,151.135498,-6.565919,125.758751,150.888641,-7.263285,491.125458,3.216111,-6.017913,125.404480
61,0.508333,150.484695,-5.274420,235.294479,150.272629,-5.334774,344.857513,150.834641,-4.846484,271.838470,151.293839,-4.709869,199.210403,261.226105,-5.223264,126.013786,150.626358,-6.225017,381.142120,260.588440,-2.735327,489.698944,261.487854,-7.249810,307.895020,150.076859,-5.870264,308.237518,1.631321,-9.192400,308.791443,3.734623,-9.608386,496.158264,150.440002,-6.294406,417.655090,150.574799,-6.661919,454.430359,150.527328,-7.445813,162.516663,151.140976,-6.563388,125.755875,150.886978,-7.257863,491.119598,3.216963,-6.008276,125.407356
62,0.516667,150.471985,-5.306193,235.303238,150.276123,-5.346828,344.861786,150.829514,-4.865798,271.838379,151.295959,-4.699706,199.214050,261.227356,-5.227254,126.014038,150.629959,-6.223880,381.144257,260.587067,-2.738973,489.699646,261.491852,-7.253551,307.895264,150.076965,-5.879244,308.241119,1.623739,-9.219252,308.787476,3.737030,-9.607383,496.162811,150.462570,-6.248973,417.651550,150.572449,-6.664813,454.429321,150.526428,-7.442110,162.514664,151.131653,-6.572690,125.754730,150.888931,-7.253521,491.121124,3.213931,-6.027350,125.407768
63,0.525000,150.467834,-5.307564,235.307343,150.278000,-5.333455,344.858948,150.832092,-4.850318,271.837952,151.296265,-4.702438,199.211273,261.225647,-5.222861,126.015198,150.645111,-6.277989,381.144714,260.589203,-2.735848,489.700134,261.491058,-7.244757,307.895569,150.079407,-5.864777,308.237030,1.632668,-9.194192,308.790375,3.741591,-9.588567,496.161316,150.441818,-6.290417,417.656067,150.574814,-6.665071,454.432648,150.524216,-7.440303,162.518585,151.129089,-6.569862,125.755295,150.888596,-7.255096,491.118805,3.213615,-6.018336,125.406548
64,0.533333,150.473892,-5.311646,235.305817,150.275635,-5.340260,344.858032,150.830490,-4.858849,271.838593,151.358307,-4.661188,199.195984,261.225250,-5.224855,126.014175,150.629883,-6.224178,381.145416,260.588562,-2.738879,489.703705,261.492645,-7.257963,307.896057,150.077164,-5.872479,308.239349,1.629810,-9.197690,308.791931,3.740718,-9.611225,496.161560,150.465057,-6.251077,417.651337,150.573563,-6.675606,454.432648,150.526047,-7.448466,162.511887,151.135284,-6.574186,125.756386,150.890152,-7.268108,491.124725,3.217933,-6.018924,125.407890
65,0.541667,150.474670,-5.300717,235.303406,150.277679,-5.334252,344.857269,150.827820,-4.857228,271.837341,151.292694,-4.693006,199.207230,261.225891,-5.217082,126.017090,150.630341,-6.217827,381.139862,260.590179,-2.732781,489.700958,261.492798,-7.248484,307.893433,150.078857,-5.865621,308.239014,1.634963,-9.186041,308.794678,3.741639,-9.593062,496.162720,150.472992,-6.238415,417.647705,150.574677,-6.664123,454.434540,150.530441,-7.433742,162.518295,151.134949,-6.559969,125.759796,150.893906,-7.245157,491.119293,3.218776,-6.011054,125.413582
66,0.550000,150.470078,-5.308370,235.303131,150.278473,-5.342625,344.859009,150.829361,-4.863657,271.840363,151.294250,-4.710268,199.210953,261.223419,-5.230468,126.014633,150.631210,-6.221185,381.141022,260.587738,-2.740632,489.703491,261.486908,-7.258712,307.895081,150.076431,-5.874033,308.234802,1.619314,-9.222205,308.780396,3.732683,-9.615238,496.163361,150.466751,-6.248941,417.647095,150.570435,-6.679367,454.436462,150.523895,-7.447427,162.514328,151.133026,-6.577867,125.751305,150.888260,-7.268961,491.121826,3.213693,-6.030024,125.406754
67,0.558333,150.476883,-5.302558,235.303665,150.280457,-5.331059,344.860260,150.834366,-4.850549,271.837494,151.359344,-4.648047,199.196091,261.228241,-5.218357,126.017410,150.630524,-6.221638,381.143890,260.590759,-2.731089,489.702087,261.494904,-7.248781,307.895203,150.083603,-5.861350,308.239258,1.636783,-9.186955,308.786835,3.743594,-9.593843,496.159241,150.440796,-6.281014,417.659119,150.577530,-6.664331,454.433441,150.533676,-7.437643,162.515945,151.134598,-6.562604,125.755814,150.894089,-7.249421,491.121063,3.221371,-6.007880,125.409142
68,0.566667,150.471252,-5.303031,235.301926,150.271423,-5.350200,344.862000,150.832367,-4.845849,271.836395,151.298843,-4.687231,199.200546,261.226624,-5.226960,126.014023,150.628174,-6.231555,381.140991,260.589294,-2.729067,489.700165,261.486328,-7.250807,307.893402,150.077850,-5.864516,308.238190,1.635264,-9.187333,308.789856,3.733384,-9.611408,496.163025,150.463181,-6.257024,417.653107,150.571274,-6.668356,454.432770,150.526489,-7.437498,162.513229,151.136078,-6.570374,125.754822,150.886429,-7.267943,491.121277,3.219740,-6.012999,125.407982
69,0.575000,150.476379,-5.307989,235.303680,150.277023,-5.345014,344.859222,150.832428,-4.862474,271.835785,151.294037,-4.710257,199.211548,261.225006,-5.226455,126.012474,150.627731,-6.230071,381.142639,260.591827,-2.733733,489.701721,261.490784,-7.259234,307.891754,150.078308,-5.872790,308.235809,1.627688,-9.217351,308.779907,3.738683,-9.607216,496.163055,150.472168,-6.253529,417.644806,150.574905,-6.676370,454.434357,150.527817,-7.449533,162.514679,151.106552,-6.617750,125.727844,150.888443,-7.260385,491.121918,3.219619,-6.016674,125.407280
70,0.583333,150.473892,-5.301235,235.306870,150.277603,-5.331727,344.859741,150.839157,-4.838594,271.837738,151.299515,-4.681843,199.214661,261.226227,-5.217441,126.014618,150.631470,-6.219167,381.144989,260.591858,-2.731174,489.702423,261.490692,-7.250317,307.893555,150.080902,-5.862916,308.239105,1.635367,-9.189889,308.788666,3.740319,-9.597267,496.165070,150.440994,-6.285998,417.659668,150.574936,-6.660543,454.438446,150.530212,-7.436307,162.513535,151.135910,-6.556952,125.753418,150.893097,-7.251940,491.123840,3.220392,-6.008677,125.411598
71,0.591667,150.474854,-5.312449,235.301712,150.275436,-5.346330,344.862457,150.828827,-4.870357,271.835663,151.296478,-4.708709,199.211914,261.226929,-5.233011,126.012131,150.643799,-6.201571,381.151154,260.591614,-2.748495,489.702881,261.492523,-7.266009,307.893707,150.078018,-5.876203,308.238007,1.628636,-9.210238,308.790771,3.739996,-9.615521,496.163788,150.437332,-6.316818,417.662506,150.574600,-6.684545,454.437500,150.529449,-7.456662,162.515320,151.110413,-6.615273,125.727791,150.888504,-7.270043,491.124603,3.214656,-6.030229,125.404434
72,0.600000,150.472809,-5.296952,235.304138,150.275162,-5.335246,344.861389,150.830032,-4.846111,271.839355,151.296951,-4.689525,199.215057,261.224091,-5.214983,126.016197,150.627777,-6.215202,381.142242,260.589752,-2.726653,489.700928,261.487610,-7.246789,307.895691,150.074860,-5.861437,308.240265,1.635542,-9.186557,308.793182,3.739371,-9.588009,496.156799,150.468842,-6.242751,417.652679,150.571793,-6.663221,454.435608,150.524368,-7.432049,162.518661,151.140915,-6.550294,125.751717,150.885788,-7.263439,491.122620,3.219943,-6.010522,125.409409
73,0.608333,150.469879,-5.317090,235.302826,150.275696,-5.348446,344.858307,150.827301,-4.866900,271.837006,151.297241,-4.706754,199.215240,261.229156,-5.231405,126.010612,150.628448,-6.238411,381.143585,260.590485,-2.746108,489.701416,261.488647,-7.265100,307.894257,150.076660,-5.881608,308.236084,1.630162,-9.206082,308.790527,3.738364,-9.613435,496.161041,150.471848,-6.256459,417.647369,150.573074,-6.677812,454.435181,150.527573,-7.448682,162.511780,151.136276,-6.577324,125.753563,150.888489,-7.276312,491.126892,3.216268,-6.030809,125.404549
74,0.616667,150.473999,-5.291983,235.302185,150.278107,-5.325747,344.858551,150.831314,-4.847373,271.836639,151.297379,-4.689939,199.209549,261.228088,-5.209595,126.014206,150.631592,-6.219181,381.139435,260.592194,-2.720119,489.696747,261.490082,-7.245594,307.894409,150.080734,-5.857664,308.237854,1.670565,-9.135324,308.809479,3.740568,-9.599419,496.161621,150.470215,-6.239290,417.647003,150.574158,-6.660681,454.430054,150.530731,-7.438381,162.514603,151.139389,-6.559472,125.756470,150.890182,-7.247708,491.119354,3.220642,-6.009366,125.408890
75,0.625000,150.473099,-5.316921,235.304214,150.280655,-5.343165,344.858948,150.834427,-4.862261,271.837830,151.407120,-4.613383,199.242462,261.227325,-5.229015,126.011787,150.627396,-6.234855,381.143219,260.591431,-2.741271,489.700806,261.490906,-7.260968,307.891907,150.077240,-5.879415,308.238464,1.634668,-9.202376,308.786316,3.738561,-9.611794,496.161438,150.468704,-6.253862,417.646423,150.573639,-6.681933,454.433868,150.529205,-7.440964,162.513260,151.133392,-6.579903,125.753792,150.890717,-7.269175,491.122711,3.217247,-6.020843,125.406731
76,0.633333,150.477264,-5.301257,235.300888,150.277618,-5.342535,344.860718,150.832443,-4.859619,271.835754,151.301743,-4.694839,199.209915,261.230865,-5.216124,126.015915,150.629456,-6.224723,381.142975,260.591370,-2.732381,489.699646,261.490204,-7.251246,307.893982,150.076096,-5.868556,308.236420,1.635964,-9.184008,308.788086,3.739708,-9.604431,496.162903,150.442307,-6.294835,417.658325,150.571594,-6.673759,454.431000,150.531052,-7.437495,162.515854,151.138931,-6.558704,125.756950,150.890762,-7.257802,491.118378,3.217875,-6.021186,125.407623
77,0.641667,150.471252,-5.304230,235.301254,150.279037,-5.332600,344.857239,150.829803,-4.858088,271.838104,151.357925,-4.656470,199.195282,261.226593,-5.221949,126.013023,150.622681,-6.231617,381.144073,260.586548,-2.728277,489.695282,261.487732,-7.256533,307.893097,150.078690,-5.868905,308.235840,1.635466,-9.193673,308.785309,3.738392,-9.612547,496.160187,150.465912,-6.253407,417.653442,150.570068,-6.672596,454.430969,150.525284,-7.449661,162.512436,151.136749,-6.567914,125.754845,150.883926,-7.271401,491.123535,3.212701,-6.028820,125.410439
78,0.650000,150.474869,-5.304955,235.302582,150.280548,-5.332067,344.858276,150.832947,-4.854076,271.835968,151.299805,-4.697278,199.203629,261.228180,-5.219828,126.013725,150.630539,-6.223422,381.143555,260.591187,-2.729990,489.696014,261.490509,-7.248643,307.894745,150.079117,-5.872378,308.238098,1.634582,-9.206738,308.781647,3.742267,-9.608071,496.161804,150.472443,-6.238391,417.646210,150.577255,-6.668869,454.433929,150.524994,-7.440756,162.513809,151.138306,-6.564301,125.756668,150.888748,-7.264755,491.121307,3.217620,-6.020255,125.410614
79,0.658333,150.470764,-5.315464,235.304169,150.273865,-5.345437,344.862335,150.829498,-4.850595,271.832794,151.291397,-4.719801,199.210495,261.224091,-5.226447,126.014618,150.628830,-6.225398,381.141907,260.584656,-2.742476,489.698303,261.488556,-7.253757,307.892944,150.076935,-5.871504,308.239105,1.625493,-9.215033,308.781219,3.732973,-9.616286,496.163391,150.462372,-6.250191,417.646606,150.574051,-6.675262,454.435181,150.522171,-7.441096,162.510468,151.133240,-6.569201,125.757233,150.880966,-7.268732,491.121857,3.217982,-6.019026,125.404686
80,0.666667,150.476379,-5.301079,235.301727,150.280319,-5.330272,344.858032,150.831970,-4.855925,271.832031,151.299866,-4.701778,199.210358,261.225861,-5.223040,126.016441,150.630386,-6.216322,381.137177,260.591614,-2.730391,489.697113,261.488312,-7.250557,307.889496,150.078690,-5.866067,308.234680,1.628848,-9.211299,308.780396,3.740499,-9.608652,496.160522,150.471085,-6.237102,417.644073,150.576965,-6.669421,454.432556,150.528290,-7.438656,162.513153,151.136993,-6.568853,125.757751,150.886215,-7.259866,491.118469,3.224312,-6.004791,125.408691
81,0.675000,150.473114,-5.305439,235.303253,150.273590,-5.331194,344.857910,150.830597,-4.854343,271.833496,151.295929,-4.704560,199.213989,261.225220,-5.225460,126.012741,150.625549,-6.233550,381.139313,260.585236,-2.739812,489.700775,261.485901,-7.253028,307.891968,150.076004,-5.869128,308.234436,1.633447,-9.194431,308.785919,3.735043,-9.614118,496.163269,150.438110,-6.295458,417.657959,150.569855,-6.679211,454.432007,150.524765,-7.442881,162.515244,151.135696,-6.564874,125.754997,150.882111,-7.265851,491.119293,3.218864,-6.021151,125.404549
82,0.683333,150.479401,-5.293847,235.301361,150.280228,-5.332520,344.856781,150.834900,-4.851918,271.834167,151.365738,-4.645858,199.195892,261.227417,-5.215874,126.014488,150.633072,-6.210669,381.137604,260.584869,-2.733205,489.701691,261.487823,-7.251894,307.892334,150.082352,-5.860217,308.237457,1.641125,-9.187549,308.783997,3.740676,-9.612046,496.162903,150.466400,-6.242748,417.650085,150.573990,-6.664800,454.428619,150.527740,-7.446044,162.516769,151.137024,-6.561375,125.752258,150.891159,-7.253268,491.116882,3.220418,-6.019251,125.409889
83,0.691667,150.473953,-5.306095,235.301178,150.279266,-5.345369,344.858185,150.829376,-4.860587,271.837433,151.362076,-4.656026,199.184509,261.225189,-5.230492,126.012299,150.641251,-6.285295,381.141205,260.586975,-2.741907,489.699158,261.486053,-7.262440,307.893677,150.075241,-5.879829,308.239197,1.634619,-9.190159,308.788361,3.739001,-9.613062,496.158844,150.431961,-6.300580,417.657501,150.569748,-6.671796,454.431763,150.527649,-7.452632,162.515808,151.134583,-6.575171,125.752655,150.880585,-7.272897,491.120026,3.217705,-6.027479,125.409691
84,0.700000,150.474487,-5.300297,235.301468,150.272659,-5.342235,344.859558,150.832642,-4.853740,271.837463,151.299149,-4.685564,199.206665,261.225769,-5.217297,126.014725,150.631363,-6.219426,381.146912,260.588409,-2.732583,489.696930,261.488342,-7.245500,307.890900,150.075592,-5.863505,308.236694,1.633731,-9.198882,308.789612,3.737888,-9.612164,496.160980,150.467392,-6.244004,417.648956,150.568161,-6.675808,454.433289,150.530151,-7.441465,162.516342,151.135834,-6.569801,125.757027,150.887207,-7.255721,491.120361,3.219106,-6.019186,125.406517
85,0.708333,150.469147,-5.301492,235.303070,150.276901,-5.333991,344.859344,150.827652,-4.851285,271.836639,151.294815,-4.696046,199.215256,261.222870,-5.221005,126.012680,150.622375,-6.227000,381.141144,260.585266,-2.734976,489.695953,261.489380,-7.245525,307.889740,150.077423,-5.862485,308.235046,1.633965,-9.198052,308.792999,3.732840,-9.611667,496.161316,150.469696,-6.233393,417.644928,150.570862,-6.663886,454.430298,150.527039,-7.434504,162.515228,151.135880,-6.562502,125.758423,150.886215,-7.260299,491.115875,3.220123,-6.015997,125.406921
86,0.716667,150.470245,-5.305326,235.303146,150.276825,-5.341360,344.858276,150.831299,-4.847755,271.834167,151.288925,-4.702085,199.211273,261.225616,-5.216310,126.014755,150.626343,-6.227414,381.139709,260.584717,-2.734859,489.696808,261.490479,-7.246600,307.889923,150.080368,-5.863995,308.236053,1.634310,-9.199667,308.791016,3.735301,-9.614449,496.158295,150.467712,-6.245886,417.640442,150.571564,-6.670713,454.429932,150.530777,-7.434007,162.515961,151.135040,-6.571541,125.756744,150.887894,-7.254632,491.114349,3.220830,-6.014879,125.407669
87,0.725000,150.474136,-5.299114,235.302109,150.275406,-5.338801,344.859314,150.833984,-4.845986,271.833496,151.359390,-4.645757,199.196625,261.226135,-5.224191,126.012520,150.626587,-6.227218,381.142181,260.588684,-2.733907,489.695251,261.486908,-7.254960,307.893402,150.076630,-5.869806,308.236298,1.628511,-9.197504,308.787720,3.731124,-9.612795,496.156616,150.468262,-6.241415,417.646912,150.570831,-6.667593,454.429474,150.529907,-7.446734,162.514099,151.138031,-6.559720,125.758186,150.887115,-7.253838,491.119232,3.218017,-6.022761,125.408577
88,0.733333,150.471329,-5.306944,235.300491,150.270645,-5.340792,344.857849,150.830734,-4.846189,271.832306,151.294312,-4.688048,199.203918,261.223572,-5.224288,126.012115,150.621979,-6.227888,381.140381,260.588074,-2.731811,489.695557,261.488312,-7.251182,307.893799,150.025986,-5.897580,308.257385,1.635115,-9.197900,308.786896,3.729845,-9.611420,496.156677,150.435623,-6.295294,417.654755,150.563354,-6.674471,454.432861,150.528564,-7.436044,162.509933,151.130341,-6.570680,125.754105,150.882782,-7.258746,491.117584,3.217165,-6.021404,125.407684
89,0.741667,150.478943,-5.288918,235.301239,150.277847,-5.322321,344.855286,150.831924,-4.837790,271.832489,151.338013,-4.664355,199.258972,261.226013,-5.211998,126.013893,150.626083,-6.219266,381.140930,260.586090,-2.731491,489.697174,261.490509,-7.241994,307.892822,150.072433,-5.869279,308.243378,1.633635,-9.183832,308.787598,3.733695,-9.606743,496.154388,150.463608,-6.241309,417.647766,150.570007,-6.655716,454.433746,150.528900,-7.430869,162.512909,151.137329,-6.553667,125.759064,150.884384,-7.256655,491.119385,3.218435,-6.015123,125.409660
90,0.750000,150.473679,-5.304319,235.299606,150.275391,-5.332828,344.857635,150.825943,-4.864748,271.836975,151.335770,-4.670878,199.272232,261.225037,-5.225632,126.013130,150.623474,-6.227407,381.138855,260.588440,-2.738722,489.699585,261.490326,-7.253803,307.889618,150.079346,-5.861500,308.234741,1.621869,-9.223432,308.783325,3.735224,-9.614346,496.156189,150.465836,-6.249115,417.646423,150.567673,-6.685324,454.433838,150.528259,-7.442570,162.512466,151.130844,-6.577452,125.753372,150.879364,-7.272378,491.119568,3.214326,-6.021420,125.406090
91,0.758333,150.471603,-5.305432,235.301620,150.277771,-5.329803,344.858154,150.830902,-4.854432,271.836853,151.294312,-4.709823,199.219208,261.226349,-5.224708,126.015274,150.645050,-6.286449,381.140076,260.588470,-2.734955,489.697449,261.490631,-7.254039,307.890411,150.081100,-5.867085,308.230835,1.631138,-9.196973,308.792664,3.732989,-9.608981,496.157959,150.438232,-6.295247,417.655518,150.575806,-6.663014,454.430817,150.531265,-7.441403,162.515106,151.133728,-6.567060,125.755653,150.885880,-7.258759,491.116974,3.219676,-6.012722,125.410286
92,0.766667,150.475922,-5.295724,235.304886,150.274597,-5.333808,344.857727,150.830597,-4.848289,271.836426,151.299713,-4.689839,199.210754,261.225342,-5.223179,126.013893,150.642426,-6.279679,381.145660,260.588898,-2.733650,489.696228,261.491241,-7.248631,307.891907,150.072372,-5.871271,308.236694,1.619037,-9.215120,308.783264,3.730773,-9.612256,496.159790,150.464798,-6.241348,417.646179,150.568466,-6.672580,454.431915,150.529327,-7.439054,162.514709,151.133972,-6.567339,125.750946,150.884796,-7.259284,491.115387,3.218146,-6.016054,125.406967
93,0.775000,150.472290,-5.296446,235.301025,150.274750,-5.334666,344.857727,150.830154,-4.851069,271.835449,151.292999,-4.698676,199.208115,261.224792,-5.222957,126.014236,150.626282,-6.229658,381.140747,260.587799,-2.736570,489.694885,261.491547,-7.250752,307.893005,150.076996,-5.865943,308.238129,1.632352,-9.191291,308.787750,3.733696,-9.610598,496.161072,150.467484,-6.239384,417.644745,150.571228,-6.680010,454.433624,150.527588,-7.438759,162.512802,151.135727,-6.561420,125.752029,150.884186,-7.265708,491.120819,3.219877,-6.008186,125.409248
94,0.783333,150.475128,-5.300856,235.300888,150.274475,-5.335700,344.858917,150.828430,-4.853823,271.835449,151.297318,-4.682554,199.214005,261.224518,-5.221070,126.014679,150.625793,-6.224953,381.139954,260.589172,-2.735604,489.699615,261.490509,-7.246267,307.893860,150.074600,-5.870877,308.235596,1.666322,-9.137322,308.812439,3.733324,-9.607893,496.157745,150.469681,-6.237620,417.647339,150.572998,-6.659774,454.432404,150.528748,-7.435219,162.513214,151.139786,-6.556717,125.753510,150.883759,-7.259643,491.116119,3.216818,-6.008706,125.406128
95,0.791667,150.472321,-5.295012,235.298981,150.273697,-5.338034,344.857422,150.827438,-4.849797,271.838684,151.297134,-4.701186,199.208145,261.227478,-5.222440,126.011833,150.630508,-6.218049,381.142090,260.587006,-2.742419,489.698395,261.488525,-7.250237,307.889862,150.074875,-5.867446,308.237671,1.620311,-9.212249,308.786530,3.734190,-9.606209,496.155457,150.437195,-6.292209,417.656342,150.571808,-6.664664,454.430969,150.528625,-7.437432,162.516418,151.136795,-6.559581,125.752449,150.885742,-7.259883,491.119049,3.214824,-6.012192,125.407768
96,0.800000,150.478516,-5.290672,235.298859,150.277039,-5.331876,344.853363,150.831543,-4.848326,271.832825,151.292725,-4.702915,199.205170,261.226593,-5.214402,126.012444,150.625549,-6.230836,381.140686,260.588226,-2.729303,489.697174,261.489349,-7.250287,307.889984,150.075806,-5.864819,308.236725,1.621236,-9.210026,308.785034,3.733451,-9.612115,496.159180,150.464127,-6.242666,417.651703,150.570953,-6.667559,454.432495,150.527878,-7.445992,162.518555,151.134857,-6.560141,125.750526,150.885635,-7.261781,491.120056,3.215974,-6.010451,125.406815
97,0.808333,150.476181,-5.304199,235.302216,150.274765,-5.343112,344.857269,150.833145,-4.848558,271.833588,151.293274,-4.700274,199.209274,261.226074,-5.224338,126.012131,150.626678,-6.224441,381.143677,260.588104,-2.742034,489.696716,261.490173,-7.255077,307.893677,150.075287,-5.872516,308.236359,1.627824,-9.201244,308.790070,3.730378,-9.612871,496.162445,150.468384,-6.249976,417.647217,150.571625,-6.675734,454.434662,150.528961,-7.443468,162.516479,151.134781,-6.572237,125.750244,150.885101,-7.258317,491.117523,3.217303,-6.010131,125.407639
98,0.816667,150.478958,-5.295024,235.302765,150.275452,-5.336686,344.857056,150.830627,-4.851994,271.838715,151.294739,-4.703894,199.209351,261.227325,-5.219303,126.012474,150.626526,-6.225511,381.139740,260.588379,-2.742907,489.696442,261.489105,-7.253458,307.893890,150.077698,-5.872820,308.238129,1.630069,-9.191995,308.792084,3.735415,-9.610617,496.160522,150.466324,-6.242983,417.646057,150.571625,-6.668140,454.433228,150.525009,-7.442859,162.512543,151.139832,-6.556700,125.753868,150.886230,-7.258579,491.116394,3.221517,-6.001585,125.410515
99,0.825000,150.523239,-5.213903,235.292160,150.275604,-5.337904,344.856323,150.830872,-4.851205,271.837830,151.360641,-4.646718,199.196579,261.229004,-5.216598,126.013397,150.628235,-6.226043,381.142303,260.589905,-2.739698,489.701691,261.489716,-7.253201,307.892700,150.076431,-5.871184,308.234131,1.621622,-9.214961,308.783752,3.737415,-9.607059,496.160522,150.435242,-6.297157,417.657501,150.569794,-6.671594,454.431793,150.526825,-7.450567,162.513245,151.134430,-6.567630,125.749321,150.885925,-7.258806,491.115173,3.219512,-6.008698,125.404640
100,0.833333,150.482452,-5.279923,235.289291,150.270004,-5.344424,344.858459,150.835861,-4.844506,271.839508,151.298874,-4.688832,199.202332,261.226166,-5.228824,126.012566,150.627060,-6.224692,381.140015,260.585785,-2.735334,489.700409,261.490234,-7.252036,307.894531,150.075439,-5.867680,308.234100,1.629267,-9.197014,308.788696,3.728544,-9.613221,496.160217,150.466721,-6.249212,417.650269,150.570557,-6.666660,454.431854,150.528015,-7.437383,162.516159,151.139099,-6.565391,125.751747,150.886215,-7.260438,491.117584,3.217996,-6.013546,125.404686
101,0.841667,150.471573,-5.301915,235.301254,150.281662,-5.331915,344.857391,150.830032,-4.853680,271.831635,151.298126,-4.695643,199.212753,261.225250,-5.215631,126.013489,150.625244,-6.228486,381.138702,260.585938,-2.737252,489.696930,261.489777,-7.260688,307.891052,150.075150,-5.869675,308.234253,1.631427,-9.195171,308.786560,3.729236,-9.615269,496.160126,150.468887,-6.244374,417.644897,150.574142,-6.665724,454.429504,150.531784,-7.434422,162.513931,151.138962,-6.560959,125.754280,150.886429,-7.263395,491.118988,3.218319,-6.012921,125.407921
102,0.850000,150.473755,-5.293789,235.305328,150.271637,-5.335179,344.858215,150.831543,-4.846277,271.835297,151.297684,-4.689839,199.210815,261.225067,-5.216045,126.011772,150.626556,-6.221282,381.138458,260.589783,-2.738025,489.697754,261.489624,-7.246226,307.892090,150.074326,-5.865130,308.236755,1.667676,-9.139408,308.816040,3.734517,-9.608264,496.159546,150.470947,-6.235430,417.643860,150.574768,-6.659097,454.433777,150.528046,-7.428184,162.512436,151.138702,-6.558000,125.752464,150.886215,-7.257986,491.117310,3.221731,-6.003081,125.408691
103,0.858333,150.472366,-5.306907,235.301773,150.270065,-5.342940,344.858795,150.828598,-4.853038,271.837646,151.293167,-4.699909,199.212509,261.224609,-5.230887,126.011047,150.624451,-6.231621,381.141876,260.587250,-2.743059,489.697266,261.491486,-7.249380,307.892303,150.077652,-5.868926,308.233673,1.626855,-9.206057,308.794708,3.732943,-9.609411,496.159454,150.466812,-6.251785,417.647186,150.573303,-6.674264,454.432861,150.522125,-7.448256,162.514648,151.135971,-6.566511,125.748352,150.886520,-7.262230,491.120026,3.219933,-6.014693,125.405792
104,0.866667,150.477463,-5.286904,235.300339,150.275299,-5.332603,344.857300,150.831818,-4.850986,271.834961,151.410538,-4.609350,199.242493,261.228180,-5.215102,126.013817,150.629929,-6.219774,381.140656,260.588409,-2.732616,489.695709,261.491943,-7.248774,307.891205,150.078934,-5.860177,308.236420,1.625615,-9.201129,308.787872,3.732415,-9.611547,496.159271,150.434906,-6.299794,417.655731,150.573288,-6.666985,454.430023,150.527359,-7.444432,162.511856,151.137558,-6.565618,125.751656,150.887024,-7.254249,491.118866,3.221691,-6.007106,125.404968
105,0.875000,150.476730,-5.298256,235.299606,150.276672,-5.333767,344.856293,150.830292,-4.855627,271.836761,151.297882,-4.703185,199.207260,261.227478,-5.222034,126.012070,150.627975,-6.225643,381.138062,260.587769,-2.745960,489.696747,261.491577,-7.250665,307.892212,150.029770,-5.892813,308.254303,1.634346,-9.195225,308.787537,3.730624,-9.616493,496.158661,150.468185,-6.245640,417.648102,150.574081,-6.672788,454.432159,150.532578,-7.444063,162.515823,151.137268,-6.568446,125.754791,150.887253,-7.264678,491.118286,3.216956,-6.009305,125.406158
106,0.883333,150.475204,-5.294187,235.300385,150.283585,-5.328158,344.855347,150.832443,-4.849391,271.835236,151.293350,-4.708367,199.204437,261.225769,-5.218799,126.015083,150.629944,-6.222090,381.142456,260.587280,-2.740949,489.696045,261.489716,-7.252523,307.893188,150.071548,-5.878614,308.242462,1.635246,-9.193884,308.784790,3.732034,-9.612801,496.158234,150.472626,-6.236784,417.644470,150.572281,-6.669879,454.432251,150.528473,-7.440588,162.513794,151.139252,-6.570449,125.751373,150.887146,-7.267305,491.123047,3.219648,-6.008587,125.408081
107,0.891667,150.474960,-5.295740,235.301529,150.279633,-5.327598,344.858154,150.835419,-4.843367,271.836853,151.298370,-4.698502,199.211349,261.226318,-5.222815,126.010002,150.630539,-6.220894,381.138916,260.591339,-2.730076,489.696564,261.490784,-7.246273,307.890991,150.082870,-5.856556,308.234528,1.670313,-9.136599,308.812653,3.734954,-9.611815,496.159119,150.468613,-6.244833,417.645630,150.574020,-6.662243,454.429108,150.529648,-7.432328,162.511795,151.138382,-6.559464,125.753448,150.888428,-7.254379,491.114929,3.219691,-6.012863,125.406143
108,0.900000,150.476135,-5.308087,235.301712,150.276062,-5.338905,344.858215,150.830444,-4.860629,271.838684,151.294922,-4.704002,199.205093,261.229309,-5.220572,126.010094,150.629013,-6.226574,381.138580,260.585144,-2.740657,489.697632,261.493134,-7.255940,307.892639,150.079803,-5.870467,308.235992,1.627908,-9.205981,308.788330,3.732028,-9.623731,496.159607,150.471680,-6.249586,417.643311,150.571411,-6.675291,454.432068,150.527588,-7.451577,162.511230,151.136169,-6.575099,125.752342,150.884750,-7.270321,491.118896,3.218467,-6.014195,125.403809
109,0.908333,150.477081,-5.295147,235.301514,150.282059,-5.323796,344.855621,150.833939,-4.841099,271.835510,151.362839,-4.642058,199.194412,261.230591,-5.214309,126.012535,150.647751,-6.272187,381.139771,260.590637,-2.726011,489.697388,261.488464,-7.243130,307.890961,150.077209,-5.858266,308.235229,1.671283,-9.131283,308.812653,3.736257,-9.603305,496.156891,150.467789,-6.234213,417.645477,150.571472,-6.660010,454.430359,150.531845,-7.439473,162.512177,151.139221,-6.559042,125.755135,150.889648,-7.249184,491.117584,3.221028,-6.009295,125.403030
110,0.916667,150.472458,-5.307424,235.301270,150.279434,-5.339269,344.859131,150.831390,-4.853029,271.828064,151.302124,-4.692592,199.204453,261.226318,-5.234058,126.008484,150.629639,-6.238542,381.142456,260.587280,-2.749067,489.698578,261.490021,-7.258797,307.893311,150.071899,-5.882310,308.235748,1.631424,-9.204082,308.786957,3.734889,-9.621561,496.160126,150.467697,-6.255855,417.645569,150.572495,-6.681965,454.430328,150.530075,-7.449822,162.512436,151.137146,-6.577558,125.748665,150.888916,-7.263201,491.117371,3.217148,-6.018496,125.401321
111,0.925000,150.524643,-5.211083,235.291885,150.276978,-5.324851,344.857239,150.834549,-4.844244,271.831146,151.300003,-4.688094,199.207153,261.228302,-5.204871,126.014366,150.631531,-6.211408,381.139923,260.591461,-2.725890,489.692902,261.492615,-7.244707,307.891907,150.083572,-5.854680,308.237518,1.638336,-9.184378,308.784332,3.738845,-9.599693,496.157166,150.473312,-6.235281,417.646149,150.574097,-6.663226,454.432709,150.525726,-7.439953,162.513489,151.141693,-6.549107,125.754890,150.888702,-7.256793,491.117188,3.223579,-6.001244,125.407204
112,0.933333,150.487793,-5.290663,235.292557,150.276703,-5.343344,344.858002,150.830368,-4.862100,271.833984,151.343262,-4.667912,199.259781,261.227478,-5.233540,126.009048,150.625443,-6.227709,381.139771,260.589691,-2.741988,489.694977,261.495209,-7.253826,307.891693,150.075867,-5.875802,308.238220,1.624407,-9.220635,308.775574,3.730203,-9.628633,496.161133,150.440125,-6.297374,417.654663,150.573914,-6.675054,454.431610,150.528488,-7.443452,162.512665,151.135391,-6.579427,125.750824,150.888763,-7.265908,491.120728,3.216922,-6.023058,125.404373
113,0.941667,150.475464,-5.294927,235.299667,150.276947,-5.327375,344.856201,150.835114,-4.841366,271.831085,151.355087,-4.666022,199.195251,261.227539,-5.214422,126.009377,150.631271,-6.211251,381.138733,260.590424,-2.729162,489.693054,261.489838,-7.250373,307.892120,150.076904,-5.861313,308.235535,1.641684,-9.178212,308.784149,3.739004,-9.608127,496.156067,150.468124,-6.237051,417.648499,150.574615,-6.670715,454.431549,150.530594,-7.435557,162.515717,151.140488,-6.562199,125.755264,150.884705,-7.257911,491.115662,3.220372,-6.011084,125.407722
114,0.950000,150.472702,-5.301924,235.302902,150.278198,-5.336642,344.855194,150.834488,-4.846371,271.831604,151.300186,-4.683313,199.203384,261.230133,-5.213864,126.010536,150.626144,-6.225610,381.138336,260.591370,-2.730775,489.697449,261.491486,-7.249407,307.892944,150.078629,-5.868892,308.234497,1.634626,-9.191918,308.785095,3.735660,-9.611004,496.159576,150.471420,-6.239663,417.646362,150.568634,-6.667991,454.432129,150.531616,-7.438577,162.514709,151.141098,-6.558147,125.752151,150.882156,-7.271938,491.118225,3.218280,-6.015106,125.406715
115,0.958333,150.472504,-5.303326,235.300156,150.279404,-5.329250,344.855591,150.830261,-4.857434,271.835938,151.356812,-4.655787,199.191360,261.227600,-5.217246,126.010376,150.624268,-6.227799,381.138123,260.588409,-2.737110,489.695831,261.486755,-7.254132,307.893677,150.079575,-5.864432,308.234436,1.629112,-9.211222,308.778748,3.733339,-9.613878,496.157135,150.470230,-6.242928,417.642334,150.574387,-6.667886,454.429657,150.527084,-7.439214,162.512054,151.137207,-6.564781,125.748978,150.887634,-7.257089,491.114136,3.218758,-6.014042,125.404076
