0,0.000000,291.434937,0.673234,137.062881,294.954803,-6.616581,506.976593,294.940704,15.403156,328.034119,35.217312,-9.531716,512.010498,182.200821,-5.418139,434.579010,183.105270,-5.718224,471.009399,183.733566,-7.672033,507.825256,182.000275,-3.490142,398.164459,180.919128,2.984290,363.853333,180.111710,0.178534,137.132172,28.146673,3.260792,331.908112,178.929474,33.871044,250.975342,179.673050,14.952715,330.067566,179.383621,26.779655,291.235870,178.231918,16.258074,171.610184,177.480652,27.490383,210.756287,24.844604,-6.311084,133.969757
1,0.008333,291.435608,0.680044,137.064697,294.961700,-6.587753,506.973877,294.945099,15.424577,328.034790,35.226574,-9.510299,512.008484,182.228775,-5.353697,434.578979,183.115021,-5.689967,471.007324,183.736023,-7.653619,507.824493,182.007843,-3.471301,398.161346,180.948059,3.012533,363.876556,180.120636,0.206851,137.134949,28.150743,3.277373,331.908936,178.934891,33.895676,250.972839,179.680115,14.971419,330.068848,179.392090,26.801411,291.233795,178.239380,16.301256,171.613464,177.487839,27.522240,210.758865,24.872673,-6.254206,133.987442
2,0.016667,291.432770,0.662826,137.065750,294.958130,-6.618720,506.976440,294.941498,15.391378,328.036041,35.216160,-9.531752,512.010071,182.191086,-5.419615,434.565491,183.104889,-5.727059,471.011536,183.733673,-7.671682,507.829956,182.004181,-3.485581,398.165039,180.921494,2.971631,363.863129,180.113785,0.182001,137.131210,28.150824,3.266913,331.905609,178.930618,33.877979,250.976242,179.677750,14.957922,330.066040,179.386948,26.780563,291.237122,178.228195,16.266518,171.610413,177.483704,27.506372,210.755569,24.827078,-6.345664,133.954956
3,0.025000,291.432861,0.675519,137.068573,294.966675,-6.604710,506.973022,294.946259,15.413903,328.033203,35.222290,-9.517438,512.008850,182.202118,-5.408400,434.573822,183.111481,-5.704227,471.007904,183.739899,-7.659075,507.825195,182.006607,-3.471663,398.158905,180.943008,2.997970,363.877106,180.118652,0.192415,137.132645,28.151947,3.278424,331.904053,178.934647,33.883469,250.977097,179.664368,14.975638,330.068298,179.392670,26.796215,291.234009,178.232651,16.283281,171.609421,177.486893,27.519470,210.755936,24.840273,-6.311908,133.964996
4,0.033333,291.434967,0.667660,137.064728,294.956848,-6.604356,506.972839,294.936188,15.425544,328.032166,35.211880,-9.530672,512.013489,182.191376,-5.413314,434.563080,183.109619,-5.707648,471.006866,183.736206,-7.663820,507.823303,182.000458,-3.482370,398.159607,180.941544,2.982668,363.883820,180.123489,0.193676,137.128464,28.149069,3.268283,331.906342,178.930222,33.874641,250.974335,179.674469,14.958793,330.068542,179.386063,26.788807,291.231445,178.231277,16.270592,171.610977,177.481842,27.498365,210.753586,24.791193,-6.409104,133.934647
5,0.041667,291.434662,0.680550,137.063507,294.958282,-6.588978,506.970398,294.946899,15.421222,328.034454,35.220215,-9.521086,512.011658,182.226608,-5.359614,434.579681,183.110794,-5.703016,471.010406,183.737823,-7.666236,507.828705,182.001297,-3.489269,398.160614,180.945282,2.987295,363.885803,180.125488,0.204989,137.132919,28.153316,3.268004,331.907532,178.937958,33.892021,250.978256,179.665176,14.970020,330.071472,179.391144,26.795462,291.238586,178.241165,16.290249,171.614960,177.487595,27.511608,210.761688,24.843512,-6.312598,133.963760
6,0.050000,291.434113,0.675435,137.063736,294.962006,-6.601583,506.971649,294.937225,15.430486,328.034393,35.216854,-9.522838,512.008728,182.175003,-5.456876,434.562347,183.107361,-5.714073,471.006897,183.733383,-7.674751,507.828705,182.000153,-3.485633,398.158264,180.924530,2.993800,363.852051,180.116898,0.194718,137.132034,28.150398,3.269229,331.903229,178.932404,33.881615,250.974564,179.674362,14.961986,330.065277,179.388626,26.786818,291.234802,178.232895,16.283680,171.608826,177.479202,27.496756,210.758774,24.852394,-6.291696,133.972290
7,0.058333,291.434326,0.664686,137.064941,294.963593,-6.614979,506.975952,294.942780,15.398489,328.035553,35.217506,-9.529481,512.009949,182.200836,-5.417703,434.577240,183.109131,-5.713998,471.011353,183.738037,-7.666492,507.830933,182.004089,-3.484531,398.163055,180.928360,3.008823,363.847168,180.117142,0.183958,137.133820,28.152124,3.269521,331.905334,178.933060,33.884182,250.973434,179.663834,14.974005,330.068054,179.388596,26.783850,291.236877,178.230316,16.269400,171.612122,177.480515,27.494190,210.760208,24.822720,-6.351083,133.951248
8,0.066667,291.431488,0.680976,137.067108,294.957428,-6.592445,506.964630,294.944946,15.417757,328.032379,35.217506,-9.518560,512.009338,182.225464,-5.357811,434.579620,183.110245,-5.694209,471.004242,183.737961,-7.657531,507.824585,182.003326,-3.471749,398.158936,180.930573,3.020155,363.844025,180.118073,0.197388,137.132538,28.152424,3.277666,331.906036,178.933456,33.893520,250.970963,179.662674,14.977646,330.066467,179.389526,26.792946,291.230743,178.241257,16.298346,171.613037,177.484024,27.505171,210.757767,24.857327,-6.276995,133.978241
9,0.075000,291.434601,0.675631,137.065567,294.955994,-6.601887,506.975952,294.944458,15.409407,328.034332,35.225170,-9.525786,512.012695,182.228668,-5.366809,434.582520,183.111176,-5.713645,471.008972,183.737488,-7.674213,507.828064,182.002136,-3.488627,398.162476,180.929855,3.006514,363.852997,180.113281,0.186793,137.132263,28.152714,3.270412,331.906982,178.936523,33.888832,250.973373,179.677078,14.962474,330.068878,179.391708,26.787477,291.238556,178.230057,16.271181,171.613068,177.484726,27.501978,210.759277,24.837999,-6.328632,133.962936
10,0.083333,291.432495,0.679012,137.067886,294.959381,-6.607810,506.973572,294.944214,15.408916,328.033905,35.220531,-9.528193,512.008545,182.225540,-5.372373,434.581482,183.102341,-5.716918,471.009216,183.739090,-7.664884,507.824066,182.005402,-3.477679,398.161560,180.940231,2.987009,363.880432,180.110413,0.184230,137.129883,28.156715,3.277500,331.904327,178.932938,33.888172,250.974152,179.662720,14.972767,330.068298,179.388428,26.789230,291.234619,178.241119,16.292849,171.609039,177.483109,27.508913,210.759354,24.852940,-6.288240,133.973465
11,0.091667,291.433929,0.675162,137.067139,294.966217,-6.611357,506.977386,294.945038,15.408947,328.035187,35.216297,-9.522671,512.009949,182.195312,-5.416102,434.562653,183.110748,-5.704098,471.007385,183.731888,-7.670338,507.830750,182.001770,-3.486440,398.160492,180.939438,2.969477,363.885925,180.116165,0.184183,137.128738,28.150429,3.275107,331.907227,178.931549,33.881516,250.976151,179.679840,14.968464,330.068420,179.387848,26.788420,291.235321,178.225327,16.274418,171.613342,177.486191,27.512939,210.758759,24.834877,-6.332488,133.962845
12,0.100000,291.435242,0.673762,137.066650,294.961945,-6.609015,506.974030,294.945251,15.413339,328.033539,35.220531,-9.520715,512.007446,182.229263,-5.360156,434.576813,183.109222,-5.707210,471.002441,183.735931,-7.666479,507.826202,182.004547,-3.483129,398.158600,180.944748,2.991197,363.882080,180.125153,0.200802,137.132690,28.153828,3.276689,331.903503,178.933426,33.879387,250.970963,179.659805,14.970157,330.065979,179.389679,26.787487,291.233734,178.232040,16.277878,171.610321,177.484467,27.504801,210.756119,24.842609,-6.308692,133.964310
13,0.108333,291.433838,0.674418,137.066086,294.955200,-6.596063,506.972504,294.941895,15.402571,328.034332,35.220203,-9.520982,512.007568,182.197433,-5.413630,434.566498,183.110168,-5.702817,471.005981,183.734436,-7.664814,507.827332,182.002991,-3.482943,398.160431,180.939713,2.984151,363.878967,180.116669,0.183159,137.130844,28.151495,3.278081,331.906586,178.935547,33.883457,250.973495,179.675156,14.964969,330.066864,179.386551,26.779432,291.235077,178.227631,16.265318,171.611465,177.484314,27.504438,210.758804,24.831059,-6.331378,133.957809
14,0.116667,291.435181,0.681247,137.063049,294.958221,-6.603036,506.969940,294.946625,15.412321,328.034515,35.219791,-9.523061,512.008789,182.227661,-5.361709,434.575012,183.109772,-5.713966,471.005829,183.741119,-7.667242,507.828247,182.008621,-3.485496,398.163544,180.922821,2.986304,363.856018,180.118942,0.193144,137.131607,28.151552,3.268797,331.905945,178.934494,33.891171,250.972443,179.682037,14.967742,330.065125,179.388229,26.784874,291.233185,178.237976,16.285093,171.612625,177.481827,27.502972,210.758102,24.838566,-6.317583,133.964447
15,0.125000,291.434967,0.683936,137.062302,294.964233,-6.601141,506.973816,294.941895,15.413144,328.034790,35.218105,-9.520356,512.005981,182.224777,-5.371292,434.582794,183.108597,-5.713881,471.009155,183.739166,-7.659291,507.825073,182.000229,-3.483858,398.162567,180.947983,3.007015,363.869354,180.115799,0.190211,137.127716,28.149021,3.268793,331.904144,178.932541,33.885403,250.974335,179.677292,14.962342,330.066681,179.388748,26.786955,291.236206,178.231949,16.283384,171.611526,177.483932,27.505585,210.756790,24.864618,-6.275470,133.980988
16,0.133333,291.437195,0.680787,137.065125,294.962067,-6.607429,506.973969,294.948883,15.408618,328.037292,35.219677,-9.521545,512.010620,182.225906,-5.365557,434.584503,183.109406,-5.710385,471.008881,183.741653,-7.661395,507.824371,182.005798,-3.487761,398.163483,180.948547,2.989331,363.882843,180.124222,0.199459,137.129166,28.151155,3.269688,331.905426,178.933685,33.877289,250.975586,179.681564,14.965797,330.067505,179.389542,26.786541,291.236847,178.234665,16.273617,171.611252,177.484634,27.498907,210.758530,24.848295,-6.306476,133.973221
17,0.141667,291.433289,0.680330,137.064987,294.956390,-6.589692,506.970520,294.935760,15.421016,328.031647,35.218727,-9.520264,512.005737,182.170593,-5.469300,434.561737,183.109695,-5.707450,471.005981,183.735184,-7.672499,507.823395,182.001556,-3.482090,398.160217,180.923569,2.990451,363.857574,180.119217,0.198361,137.131058,28.150965,3.276210,331.904480,178.932907,33.878681,250.976654,179.676437,14.960643,330.069214,179.389175,26.787561,291.234558,178.230728,16.280493,171.609558,177.484192,27.503845,210.757553,24.858164,-6.279490,133.979324
18,0.150000,291.433563,0.671197,137.064133,294.958130,-6.599088,506.973083,294.945801,15.414351,328.033875,35.221107,-9.524102,512.009705,182.170624,-5.460014,434.562592,183.111115,-5.714420,471.005402,183.738617,-7.663300,507.824249,182.002930,-3.489758,398.164703,180.943359,3.001327,363.872925,180.119583,0.197238,137.132095,28.146618,3.265620,331.905823,178.933853,33.881214,250.974808,179.660980,14.966712,330.068573,179.387344,26.791271,291.233704,178.233414,16.279936,171.608948,177.483536,27.506338,210.757538,24.828236,-6.336312,133.958282
19,0.158333,291.433136,0.674491,137.067398,294.963348,-6.611088,506.974274,294.945251,15.402137,328.031982,35.218071,-9.527040,512.008911,182.226059,-5.364448,434.581512,183.111618,-5.711283,471.008575,183.734177,-7.671208,507.825256,182.004425,-3.490006,398.161072,180.924896,2.981289,363.861603,180.117783,0.186377,137.128647,28.149263,3.262002,331.908142,178.930603,33.884022,250.975128,179.675659,14.956613,330.065704,179.388977,26.786732,291.234589,178.233887,16.278187,171.610748,177.484283,27.500662,210.756561,24.828142,-6.351673,133.949387
20,0.166667,291.431702,0.669714,137.064713,294.959808,-6.608109,506.976440,294.940857,15.402185,328.033478,35.212082,-9.523697,512.007751,182.199219,-5.418162,434.579193,183.106552,-5.700616,471.004456,183.733582,-7.664423,507.824646,182.002823,-3.478343,398.158600,180.925873,2.997821,363.851440,180.115097,0.185717,137.128128,28.151678,3.272010,331.902466,178.933044,33.881359,250.976868,179.678726,14.969301,330.066193,179.387009,26.789803,291.232727,178.234100,16.280504,171.608368,177.483627,27.502022,210.756378,24.850660,-6.291837,133.975311
21,0.175000,291.435364,0.676804,137.062836,294.958588,-6.600634,506.974518,294.947266,15.414206,328.037811,35.220028,-9.528201,512.008606,182.225845,-5.366164,434.581146,183.109924,-5.708766,471.002960,183.733078,-7.661659,507.825256,182.001312,-3.483201,398.162811,180.925995,3.007492,363.850708,180.118317,0.193303,137.129547,28.152624,3.272001,331.901428,178.933701,33.875000,250.974899,179.658676,14.966234,330.070465,179.389862,26.790955,291.232697,178.242157,16.291649,171.613510,177.481827,27.494150,210.759033,24.831717,-6.340160,133.957870
22,0.183333,291.437225,0.680635,137.064255,294.956543,-6.601302,506.973572,294.947388,15.413792,328.031891,35.220932,-9.518381,512.008179,182.222092,-5.364457,434.582153,183.110062,-5.698435,471.003632,183.734879,-7.657715,507.826324,182.003952,-3.480264,398.162659,180.925293,3.001732,363.848083,180.118393,0.196354,137.130157,28.148495,3.271587,331.905640,178.933975,33.889698,250.974838,179.676224,14.961165,330.069702,179.391891,26.794422,291.234955,178.235718,16.284445,171.609650,177.482590,27.512814,210.760117,24.830589,-6.331867,133.955292
23,0.191667,291.435669,0.671159,137.064651,294.962708,-6.607684,506.970581,294.946045,15.410273,328.033173,35.218124,-9.522554,512.007874,182.201324,-5.414264,434.576691,183.106339,-5.713289,471.007446,183.735443,-7.666964,507.825562,182.003922,-3.482544,398.161469,180.929016,3.000849,363.848145,180.118484,0.192057,137.130569,28.147518,3.266912,331.903748,178.933777,33.885860,250.971741,179.663239,14.973228,330.070709,179.388687,26.785805,291.232239,178.235458,16.290020,171.613266,177.481522,27.504019,210.754044,24.865713,-6.273846,133.980850
24,0.200000,291.435547,0.668335,137.065475,294.962250,-6.602603,506.971649,294.944122,15.409072,328.038025,35.221905,-9.517013,512.003967,182.223801,-5.366204,434.577484,183.105118,-5.710710,471.007660,183.732834,-7.672564,507.827454,182.002136,-3.481287,398.166046,180.941727,2.986958,363.879517,180.113724,0.187299,137.131058,28.153633,3.275017,331.905884,178.937378,33.893734,250.972595,179.675858,14.966263,330.065460,179.391769,26.787642,291.236023,178.229904,16.276886,171.612595,177.481964,27.501019,210.757034,24.842611,-6.305042,133.970230
25,0.208333,291.432770,0.665064,137.066391,294.958893,-6.603590,506.973450,294.942352,15.399320,328.037750,35.218483,-9.528179,512.008972,182.169647,-5.468122,434.561279,183.107834,-5.717566,471.008911,183.733780,-7.669386,507.830200,182.002441,-3.494047,398.161163,180.938110,2.967899,363.889282,180.115540,0.181709,137.129684,28.153904,3.266161,331.902191,178.934296,33.881519,250.973251,179.684875,14.968657,330.065277,179.388885,26.779749,291.232788,178.233871,16.273926,171.610199,177.482346,27.496071,210.757233,24.832121,-6.335631,133.956161
26,0.216667,291.431702,0.671324,137.070526,294.956512,-6.596339,506.971069,294.944244,15.413497,328.034027,35.219437,-9.519376,512.008423,182.224823,-5.363873,434.580566,183.112808,-5.699789,471.003967,183.735123,-7.668503,507.824768,182.004196,-3.480234,398.160614,180.925842,2.988037,363.859314,180.118759,0.190227,137.129242,28.152769,3.275993,331.902008,178.933807,33.887909,250.976349,179.676514,14.965302,330.066437,179.392700,26.794271,291.231720,178.232727,16.280861,171.610596,177.484650,27.508060,210.759094,24.863470,-6.278619,133.979797
27,0.225000,291.430634,0.679736,137.065918,294.959320,-6.607540,506.973267,294.934998,15.418107,328.026733,35.216225,-9.517360,512.007874,182.199875,-5.413677,434.577850,183.109360,-5.699474,471.004730,183.736130,-7.665516,507.821686,182.002731,-3.484905,398.157867,180.927979,3.012448,363.847076,180.119308,0.202783,137.130753,28.148487,3.273459,331.903046,178.931503,33.886528,250.974564,179.675461,14.963792,330.068085,179.387024,26.783686,291.233002,178.231995,16.281351,171.606735,177.480408,27.507587,210.755493,24.833082,-6.319873,133.963165
28,0.233333,291.435242,0.673608,137.061798,294.966644,-6.606430,506.972626,294.946411,15.406011,328.033234,35.220757,-9.524141,512.010437,182.172180,-5.466907,434.561066,183.109940,-5.708187,471.007050,183.737183,-7.670598,507.827393,182.004486,-3.484692,398.159729,180.945755,2.997849,363.873474,180.115662,0.180838,137.127319,28.151995,3.274176,331.902649,178.937317,33.890217,250.972656,179.661484,14.966152,330.068848,179.385437,26.778301,291.237213,178.235367,16.278534,171.611115,177.483322,27.502609,210.755432,24.836441,-6.334446,133.956955
29,0.241667,291.434692,0.681999,137.061523,294.958344,-6.600690,506.975464,294.941742,15.405833,328.034546,35.215313,-9.522485,512.009155,182.195679,-5.415241,434.574310,183.105194,-5.706610,471.005280,183.734390,-7.663871,507.829834,181.999924,-3.487975,398.163300,180.942215,2.981305,363.882385,180.117050,0.195065,137.129837,28.149612,3.270818,331.902557,178.931213,33.881496,250.970871,179.674026,14.970405,330.068390,179.388107,26.784870,291.232727,178.235260,16.283806,171.613571,177.482819,27.507030,210.755905,24.845003,-6.295080,133.976822
30,0.250000,291.438019,0.671497,137.060638,294.955261,-6.597654,506.973511,294.945160,15.408953,328.036896,35.219402,-9.521955,512.006897,182.227676,-5.355930,434.579163,183.109863,-5.714738,471.007080,183.736481,-7.667375,507.827057,182.001053,-3.485953,398.160583,180.926834,2.996072,363.857361,180.118362,0.193643,137.131287,28.152905,3.270496,331.905060,178.935089,33.889168,250.972748,179.679886,14.965552,330.067108,179.388321,26.786310,291.232727,178.237305,16.281471,171.612122,177.487442,27.503567,210.757874,24.849384,-6.312222,133.966370
31,0.258333,291.433319,0.674739,137.064941,294.962585,-6.605007,506.972839,294.943512,15.410092,328.031555,35.217258,-9.523123,512.004456,182.173737,-5.458034,434.562531,183.108887,-5.708546,471.010040,183.739868,-7.659513,507.823517,182.003418,-3.481187,398.160339,180.925797,3.008949,363.845764,180.114838,0.200488,137.129349,28.150089,3.271742,331.899994,178.930984,33.890892,250.972839,179.658722,14.969524,330.068024,179.389420,26.789135,291.233032,178.230530,16.285923,171.609360,177.480194,27.509136,210.756027,24.873299,-6.250039,133.988251
32,0.266667,291.432190,0.670053,137.066818,294.963165,-6.614120,506.973633,294.944458,15.405312,328.032990,35.212215,-9.530275,512.009399,182.194351,-5.413166,434.563507,183.106934,-5.720999,471.009430,183.734436,-7.675374,507.827148,181.999252,-3.487312,398.160736,180.927185,3.007819,363.844391,180.117615,0.182663,137.129150,28.150574,3.265125,331.903503,178.931870,33.878769,250.979660,179.673508,14.952851,330.068573,179.389633,26.779190,291.236755,178.228333,16.266382,171.607895,177.484863,27.500324,210.757614,24.853470,-6.304765,133.975861
33,0.275000,291.434326,0.676198,137.064423,294.959351,-6.595071,506.969208,294.945251,15.419368,328.034332,35.218506,-9.513994,512.007019,182.227478,-5.352376,434.576324,183.112610,-5.696866,471.003845,183.737808,-7.658036,507.824890,182.001923,-3.472432,398.157043,180.926651,3.013551,363.847839,180.119583,0.196577,137.128586,28.151764,3.280449,331.904114,178.934509,33.882610,250.972534,179.679169,14.965210,330.066345,179.389191,26.792025,291.231140,178.233170,16.280943,171.607574,177.484024,27.504562,210.754684,24.853724,-6.283901,133.977493
34,0.283333,291.431732,0.663520,137.064178,294.954834,-6.609663,506.974701,294.942535,15.397023,328.036133,35.217663,-9.532732,512.010986,182.191299,-5.424130,434.565063,183.106949,-5.720172,471.009399,183.733459,-7.676300,507.829071,182.000656,-3.497914,398.163849,180.921768,2.987200,363.855591,180.109695,0.173579,137.129227,28.147123,3.256167,331.904297,178.931076,33.877007,250.975037,179.674744,14.955173,330.068695,179.385712,26.781401,291.233093,178.233719,16.272509,171.613266,177.481674,27.492153,210.755264,24.836502,-6.329382,133.964981
35,0.291667,291.435272,0.689101,137.066940,294.962769,-6.589502,506.970459,294.946808,15.421782,328.033630,35.223217,-9.512168,512.006592,182.202927,-5.404791,434.574371,183.109375,-5.697927,471.004150,183.739899,-7.652258,507.823517,182.004349,-3.475815,398.158813,180.932083,3.015519,363.851440,180.123108,0.210533,137.131836,28.151665,3.275944,331.903503,178.934631,33.895863,250.972595,179.681122,14.976278,330.064056,179.391785,26.797218,291.236420,178.235672,16.289598,171.609573,177.486374,27.514500,210.758453,24.839088,-6.323349,133.961823
36,0.300000,291.435516,0.668983,137.060638,294.957428,-6.614360,506.974457,294.942383,15.398626,328.032318,35.217213,-9.531495,512.010864,182.219696,-5.374557,434.580353,183.101990,-5.721054,471.005737,183.733810,-7.673991,507.826996,182.002792,-3.488482,398.159241,180.939331,2.985584,363.872589,180.106659,0.168606,137.126602,28.147833,3.259536,331.902527,178.930603,33.876656,250.972183,179.658859,14.967442,330.067017,179.382553,26.782547,291.234802,178.227646,16.266354,171.607117,177.481064,27.491192,210.752579,24.843090,-6.313583,133.968109
37,0.308333,291.438171,0.675983,137.064316,294.963409,-6.595667,506.970764,294.947113,15.412639,328.032898,35.224464,-9.513041,512.007019,182.228134,-5.361662,434.579651,183.112564,-5.696833,471.009399,183.738724,-7.652969,507.822510,182.004547,-3.478354,398.159668,180.930145,2.993465,363.864136,180.121567,0.199143,137.132111,28.156357,3.283968,331.902557,178.935806,33.886475,250.972427,179.679688,14.971530,330.066711,179.393158,26.798216,291.234131,178.239594,16.281593,171.608322,177.488708,27.522402,210.758957,24.842281,-6.313912,133.965378
38,0.316667,291.433319,0.669985,137.061447,294.951355,-6.613896,506.976135,294.945679,15.403552,328.031494,35.218246,-9.527894,512.006226,182.199554,-5.421292,434.579681,183.109268,-5.716053,471.006897,183.732117,-7.674613,507.827209,181.998199,-3.499311,398.163116,180.922440,2.993401,363.849548,180.116760,0.186173,137.129623,28.148449,3.269896,331.902283,178.929810,33.873383,250.975037,179.674469,14.959595,330.064606,179.380859,26.769312,291.235077,178.232727,16.274994,171.609329,177.480499,27.486549,210.755371,24.847767,-6.297050,133.978821
39,0.325000,291.436096,0.677875,137.058502,294.960449,-6.612920,506.972565,294.947510,15.410984,328.032715,35.222431,-9.517697,512.007385,182.225616,-5.373516,434.582062,183.111847,-5.715749,471.009552,183.740448,-7.659276,507.822021,182.004684,-3.485165,398.158661,180.927490,3.004004,363.844421,180.114304,0.177916,137.124390,28.150145,3.267617,331.902466,178.933365,33.883579,250.973099,179.680740,14.966889,330.067902,179.387802,26.785717,291.237152,178.237198,16.284344,171.610138,177.483398,27.502766,210.757889,24.829716,-6.336988,133.953812
40,0.333333,291.436310,0.688350,137.062668,294.964966,-6.609446,506.971375,294.947083,15.430720,328.032410,35.219227,-9.511953,512.004333,182.205109,-5.407873,434.576050,183.107162,-5.702155,471.005890,183.733856,-7.663991,507.826996,182.002701,-3.482772,398.160461,180.948257,3.007966,363.872681,180.114609,0.191900,137.130371,28.153816,3.282471,331.903259,178.933777,33.895473,250.974808,179.675674,14.959899,330.068054,179.390366,26.800091,291.232605,178.234695,16.289366,171.612885,177.484085,27.513523,210.758438,24.839523,-6.304678,133.967972
41,0.341667,291.434662,0.660335,137.062622,294.961182,-6.611751,506.973907,294.945679,15.403372,328.032623,35.211834,-9.538954,512.012451,182.201996,-5.423060,434.575531,183.107605,-5.719579,471.007385,183.735886,-7.674555,507.827942,182.003983,-3.486997,398.160309,180.920578,2.975397,363.859192,180.118896,0.180813,137.129272,28.145575,3.256688,331.899963,178.929810,33.872704,250.974747,179.675110,14.955777,330.067810,179.389542,26.780863,291.232391,178.239685,16.274412,171.606064,177.481659,27.489586,210.754135,24.826725,-6.348619,133.957001
42,0.350000,291.435974,0.677449,137.067307,294.954681,-6.595795,506.972198,294.949524,15.426124,328.034485,35.220978,-9.511093,512.009766,182.227386,-5.351849,434.578003,183.111908,-5.692318,471.007599,183.739441,-7.649083,507.821991,181.999176,-3.475916,398.159332,180.925949,3.017989,363.849152,180.122742,0.203530,137.130692,28.155252,3.284889,331.900330,178.934143,33.893818,250.973526,179.681442,14.975687,330.066040,179.392532,26.799580,291.233337,178.236694,16.285810,171.610397,177.486130,27.509214,210.758423,24.864561,-6.263373,133.983810
43,0.358333,291.432068,0.660937,137.063995,294.951111,-6.626291,506.976959,294.944885,15.391775,328.033020,35.212891,-9.541165,512.010864,182.197250,-5.434631,434.578125,183.106888,-5.728574,471.006989,183.729874,-7.681058,507.826202,182.000946,-3.495349,398.161652,180.923279,2.980930,363.852875,180.108307,0.163033,137.123138,28.144390,3.250465,331.901398,178.928619,33.870964,250.974442,179.660873,14.965364,330.066437,179.382675,26.763243,291.235321,178.225586,16.263327,171.612015,177.480865,27.490036,210.755219,24.816370,-6.367323,133.948380
44,0.366667,291.434448,0.690622,137.066864,294.969055,-6.600386,506.970215,294.948547,15.424312,328.031769,35.222687,-9.516191,512.005493,182.240219,-5.330162,434.568390,183.116104,-5.689526,471.002930,183.741699,-7.653860,507.823303,182.008759,-3.466532,398.157349,180.928680,3.007212,363.849854,180.121201,0.199814,137.128601,28.155996,3.278276,331.900940,178.936829,33.893932,250.975403,179.680786,14.972622,330.063660,179.393341,26.797289,291.234406,178.241302,16.295101,171.608215,177.486542,27.514620,210.758224,24.857622,-6.281261,133.978210
45,0.375000,291.433380,0.665575,137.063431,294.959869,-6.615838,506.976440,294.941620,15.401781,328.031006,35.211868,-9.534351,512.008728,182.168076,-5.469050,434.561798,183.102585,-5.721319,471.006775,183.728821,-7.674889,507.830322,181.994583,-3.500102,398.162354,180.936295,2.979359,363.873779,180.107712,0.173472,137.126465,28.145914,3.260848,331.901825,178.930466,33.878899,250.973068,179.673691,14.959775,330.064941,179.383881,26.781401,291.233521,178.231812,16.273443,171.610565,177.480804,27.492491,210.755280,24.835541,-6.317078,133.965668
46,0.383333,291.434052,0.683991,137.063293,294.962952,-6.582303,506.967133,294.946686,15.410174,328.032043,35.221981,-9.512082,512.006226,182.201874,-5.411150,434.580078,183.112167,-5.704701,471.005920,183.739716,-7.667953,507.824066,182.006363,-3.479349,398.162048,180.930527,3.003137,363.857391,180.124817,0.205320,137.135406,28.152882,3.268790,331.904724,178.938980,33.892956,250.970032,179.682709,14.969389,330.065277,179.393799,26.796637,291.232910,178.242981,16.283611,171.609848,177.486237,27.509998,210.758713,24.845119,-6.319339,133.961945
47,0.391667,291.432678,0.671001,137.065704,294.953766,-6.600932,506.974274,294.939087,15.400817,328.035370,35.215435,-9.520844,512.007568,182.175217,-5.448977,434.557434,183.104904,-5.717826,471.007721,183.729065,-7.677939,507.827576,181.997726,-3.491970,398.165039,180.920349,2.992448,363.855316,180.115982,0.187612,137.131912,28.147364,3.269017,331.902435,178.932449,33.885784,250.972504,179.673035,14.962793,330.068695,179.386322,26.780914,291.235840,178.230377,16.265862,171.610321,177.484909,27.495138,210.754318,24.858667,-6.273707,133.986481
48,0.400000,291.433960,0.673276,137.060425,294.964508,-6.617783,506.975952,294.947144,15.402522,328.034698,35.222652,-9.527768,512.008118,182.229080,-5.359186,434.571350,183.113220,-5.708054,471.005310,183.741318,-7.660342,507.823059,182.004868,-3.492846,398.160767,180.930145,3.003511,363.848969,180.117508,0.186876,137.125336,28.151527,3.261725,331.901184,178.933853,33.877125,250.972992,179.680283,14.958925,330.064941,179.392807,26.791634,291.233063,178.241669,16.283424,171.606354,177.484406,27.501526,210.759338,24.863123,-6.283100,133.979935
49,0.408333,291.435394,0.680236,137.064529,294.962738,-6.611969,506.975281,294.937469,15.424210,328.035339,35.223122,-9.515496,512.007690,182.228256,-5.365045,434.582855,183.113571,-5.698881,471.007904,183.734711,-7.659417,507.828583,182.005646,-3.472765,398.162659,180.944916,2.995244,363.874481,180.111115,0.184248,137.129364,28.151295,3.273621,331.902374,178.935394,33.891895,250.973755,179.658112,14.971526,330.069489,179.391495,26.792471,291.234406,178.230072,16.279467,171.611557,177.482986,27.507511,210.758896,24.850302,-6.284439,133.980972
50,0.416667,291.433441,0.662035,137.063309,294.957031,-6.615570,506.972443,294.948669,15.404649,328.028015,35.219902,-9.530244,512.006653,182.200378,-5.428618,434.578827,183.108780,-5.715203,471.006958,183.741592,-7.671680,507.827759,182.007462,-3.482363,398.160645,180.924011,2.985291,363.851959,180.115906,0.177783,137.126343,28.147188,3.259390,331.898956,178.933701,33.881767,250.971313,179.677979,14.961391,330.063660,179.392822,26.784508,291.231079,178.237061,16.272974,171.605743,177.483810,27.493622,210.752594,24.844955,-6.323123,133.961929
51,0.425000,291.433533,0.670812,137.067719,294.955475,-6.604750,506.974640,294.945862,15.411906,328.033020,35.218349,-9.524180,512.010132,182.196732,-5.426840,434.582703,183.111526,-5.706149,471.007965,183.735992,-7.667600,507.826813,182.005112,-3.480505,398.163605,180.942856,3.000707,363.873657,180.118607,0.181498,137.131088,28.150368,3.270653,331.901367,178.933777,33.882698,250.973618,179.680328,14.966923,330.065521,179.389267,26.788715,291.231781,178.233490,16.270144,171.612244,177.486771,27.504684,210.756165,24.840412,-6.312145,133.970779
52,0.433333,291.431427,0.676825,137.063858,294.958710,-6.610711,506.974884,294.945648,15.399712,328.031189,35.215179,-9.528662,512.012207,182.199707,-5.422072,434.576843,183.113190,-5.710211,471.006165,183.734634,-7.675692,507.829315,182.001801,-3.486767,398.164032,180.924896,2.984823,363.854401,180.115036,0.185945,137.125839,28.148148,3.270063,331.904144,178.933762,33.888683,250.974625,179.679001,14.958566,330.068420,179.385864,26.780310,291.234924,178.233047,16.280952,171.608398,177.483963,27.501272,210.754730,24.846415,-6.301208,133.974899
53,0.441667,291.435883,0.678357,137.064758,294.967957,-6.605736,506.969452,294.948914,15.410004,328.031219,35.224792,-9.518158,512.005188,182.202087,-5.413915,434.576843,183.117630,-5.694317,471.000549,183.744339,-7.662986,507.822754,182.004837,-3.482006,398.158600,180.931747,3.005710,363.847076,180.120697,0.192311,137.127945,28.152914,3.265041,331.899628,178.934280,33.884563,250.972336,179.679214,14.955746,330.064423,179.387772,26.784245,291.233734,178.236588,16.285139,171.610458,177.488098,27.511686,210.756485,24.850801,-6.301999,133.974716
54,0.450000,291.433380,0.668467,137.064453,294.957581,-6.608532,506.975525,294.935242,15.418474,328.031525,35.219551,-9.522587,512.009949,182.168671,-5.467483,434.564270,183.110916,-5.708378,471.007263,183.737183,-7.662838,507.829956,182.001846,-3.481379,398.159210,180.924210,2.994737,363.848236,180.114014,0.183225,137.130203,28.150133,3.272819,331.902374,178.933533,33.886204,250.972427,179.675400,14.962342,330.065857,179.388306,26.782291,291.234009,178.225098,16.269564,171.613129,177.485275,27.507479,210.757217,24.851074,-6.282219,133.983109
55,0.458333,291.436615,0.674422,137.064087,294.960846,-6.598728,506.968079,294.949982,15.415689,328.030029,35.220631,-9.523479,512.008423,182.201935,-5.413999,434.572754,183.116150,-5.703712,471.000671,183.739609,-7.666645,507.822937,182.010101,-3.484263,398.156769,180.931320,3.010921,363.845490,180.123062,0.190754,137.128754,28.155115,3.271918,331.899414,178.938782,33.889179,250.970367,179.681458,14.968058,330.064667,179.393646,26.793966,291.229889,178.243317,16.287376,171.614120,177.484833,27.502094,210.756073,24.857100,-6.304883,133.968887
56,0.466667,291.434448,0.678990,137.064270,294.959045,-6.605368,506.975006,294.940918,15.395536,328.032806,35.214787,-9.528908,512.011902,182.235703,-5.349980,434.572815,183.104874,-5.715183,471.008179,183.730270,-7.673788,507.827148,182.000061,-3.490297,398.163177,180.922012,2.983034,363.845337,180.114655,0.184720,137.129791,28.148706,3.266498,331.903229,178.932648,33.882133,250.975723,179.673309,14.957644,330.066345,179.385101,26.774897,291.236084,178.231140,16.269308,171.613815,177.482834,27.496777,210.755722,24.846741,-6.290952,133.981949
57,0.475000,291.435120,0.685944,137.067368,294.969543,-6.601454,506.968445,294.949890,15.422475,328.032532,35.226562,-9.518115,512.008118,182.226791,-5.359354,434.574951,183.113159,-5.702184,471.004791,183.745117,-7.649376,507.820557,182.004974,-3.481282,398.157135,180.933426,3.016361,363.842438,180.126556,0.210142,137.131042,28.155228,3.274088,331.900879,178.936264,33.893806,250.969879,179.664581,14.978665,330.065674,179.392548,26.797850,291.236938,178.245270,16.299797,171.609650,177.486450,27.515570,210.757950,24.863651,-6.278138,133.976181
58,0.483333,291.435455,0.668702,137.066055,294.954956,-6.622879,506.975830,294.943390,15.389758,328.036438,35.211178,-9.541968,512.013123,182.221313,-5.388639,434.580658,183.106323,-5.722511,471.004578,183.730759,-7.683816,507.827759,181.999939,-3.499800,398.160797,180.922836,2.986009,363.844635,180.110641,0.175220,137.129700,28.146969,3.257125,331.905090,178.928833,33.869949,250.975937,179.673019,14.953664,330.067078,179.385162,26.771648,291.236481,178.225128,16.250540,171.608109,177.487152,27.500940,210.754684,24.802942,-6.380005,133.949783
59,0.491667,291.433380,0.690536,137.067993,294.960144,-6.591370,506.970062,294.947235,15.414816,328.036713,35.223385,-9.507674,512.008484,182.228119,-5.362556,434.578552,183.113831,-5.701684,471.004822,183.742706,-7.653769,507.822571,182.004791,-3.483031,398.159363,180.932526,3.023277,363.848236,180.122726,0.207346,137.128159,28.152748,3.272340,331.901703,178.937057,33.895271,250.973969,179.665482,14.978898,330.065704,179.389633,26.795389,291.234833,178.243530,16.301849,171.612747,177.485062,27.513235,210.758087,24.876896,-6.243371,133.990051
60,0.500000,291.433044,0.658279,137.068344,294.957489,-6.628914,506.979889,294.942963,15.396269,328.035797,35.215096,-9.544862,512.007996,182.169296,-5.482928,434.564758,183.107498,-5.724741,471.011230,183.734299,-7.680412,507.826752,182.003601,-3.496534,398.163269,180.939636,2.972871,363.874329,180.109100,0.165131,137.127350,28.146799,3.250140,331.902618,178.931549,33.874535,250.972778,179.674545,14.955082,330.066589,179.387466,26.776505,291.232452,178.229095,16.250704,171.608643,177.482925,27.490353,210.753784,24.849031,-6.310511,133.972900
61,0.508333,291.431671,0.686328,137.069946,294.965820,-6.606533,506.973633,294.943970,15.420408,328.036652,35.224754,-9.509330,512.009399,182.225281,-5.357505,434.576752,183.107742,-5.711194,471.007721,183.740341,-7.652508,507.825745,182.006607,-3.475339,398.158447,180.944107,2.988952,363.885956,180.119003,0.204132,137.129883,28.151516,3.268707,331.903717,178.936920,33.891590,250.976624,179.678329,14.964790,330.066895,179.391754,26.798174,291.233704,178.234863,16.290678,171.610611,177.483124,27.507923,210.760574,24.870359,-6.247457,133.992813
62,0.516667,291.434692,0.685307,137.065704,294.959839,-6.610772,506.968384,294.944153,15.411638,328.031860,35.216652,-9.523330,512.005859,182.205292,-5.415088,434.572388,183.112869,-5.709766,471.005035,183.739624,-7.662041,507.822876,182.005753,-3.487869,398.157867,180.923386,2.984653,363.854431,180.119720,0.193947,137.130280,28.151619,3.266538,331.902557,178.933487,33.879063,250.972061,179.676544,14.960119,330.067047,179.389786,26.789976,291.232910,178.235413,16.274979,171.606964,177.484894,27.504807,210.757889,24.847967,-6.309834,133.970444
63,0.525000,291.433289,0.673323,137.066162,294.955841,-6.608071,506.972443,294.941162,15.405194,328.033478,35.216019,-9.534346,512.007690,182.190735,-5.419619,434.566284,183.107025,-5.726036,471.009277,183.734299,-7.675946,507.823517,181.998230,-3.492724,398.161957,180.939392,2.989640,363.874634,180.116379,0.190067,137.129150,28.148548,3.261474,331.899506,178.934143,33.877499,250.975998,179.677322,14.957032,330.065186,179.385574,26.781544,291.234711,178.229187,16.268658,171.606018,177.480652,27.492464,210.757721,24.852467,-6.295528,133.972855
64,0.533333,291.432129,0.679603,137.071121,294.958923,-6.594211,506.966522,294.947845,15.415816,328.032928,35.223515,-9.507460,512.003296,182.227463,-5.350968,434.575867,183.111450,-5.698652,471.007355,183.742371,-7.661829,507.820892,182.004440,-3.474894,398.157806,180.929474,3.004812,363.856415,180.125305,0.210816,137.136398,28.156719,3.281978,331.899017,178.935287,33.888321,250.974899,179.664352,14.976544,330.067474,179.392303,26.796858,291.237427,178.241684,16.293430,171.607132,177.484940,27.510309,210.757980,24.862989,-6.278670,133.979935
65,0.541667,291.430450,0.663641,137.069077,294.957031,-6.621726,506.973969,294.940643,15.392008,328.028259,35.216293,-9.538422,512.005615,182.193390,-5.422268,434.565155,183.106323,-5.725326,471.007599,183.729187,-7.693305,507.826508,182.002243,-3.498971,398.162415,180.922989,2.980224,363.849579,180.110458,0.180616,137.131165,28.152420,3.265177,331.899567,178.930069,33.872101,250.976349,179.670242,14.951625,330.067963,179.384323,26.770189,291.235809,178.224777,16.255510,171.607254,177.479599,27.497267,210.754120,24.882481,-6.242443,133.997238
66,0.550000,291.432648,0.686518,137.072220,294.966003,-6.601439,506.965332,294.948059,15.428058,328.033203,35.221992,-9.512352,512.003357,182.204102,-5.403847,434.573547,183.115036,-5.696547,471.005890,183.740829,-7.656613,507.820679,182.009537,-3.471960,398.160095,180.932022,3.016321,363.847961,180.123779,0.212512,137.135345,28.159531,3.280514,331.900421,178.935272,33.891983,250.972183,179.682678,14.974195,330.064087,179.389465,26.792505,291.234924,178.238083,16.299923,171.613770,177.484833,27.513918,210.758026,24.857101,-6.290481,133.972168
67,0.558333,291.432404,0.660323,137.066910,294.956879,-6.614854,506.975128,294.947449,15.401266,328.036407,35.218529,-9.530734,512.008972,182.193863,-5.423259,434.569427,183.106705,-5.723157,471.011230,183.736481,-7.680911,507.824768,182.002274,-3.494797,398.164093,180.924286,2.979849,363.852753,180.103180,0.166111,137.127411,28.149649,3.259274,331.905579,178.931396,33.884125,250.974533,179.677490,14.960838,330.066223,179.386215,26.777481,291.237976,178.225815,16.256985,171.609879,177.485016,27.495890,210.757462,24.799841,-6.381399,133.949341
68,0.566667,291.431946,0.683546,137.072174,294.961853,-6.603595,506.968323,294.945343,15.416718,328.030090,35.219490,-9.521169,512.001770,182.203903,-5.406956,434.571869,183.110504,-5.708774,471.004486,183.741501,-7.651943,507.815063,182.007431,-3.475878,398.156494,180.930710,3.013201,363.847565,180.120010,0.209152,137.134537,28.149673,3.268720,331.902283,178.935562,33.893456,250.970749,179.681519,14.971276,330.061523,179.391266,26.791666,291.230072,178.241150,16.304108,171.612305,177.481812,27.507696,210.755203,24.860241,-6.281693,133.975922
69,0.575000,291.431824,0.668225,137.067978,294.959229,-6.603771,506.975281,294.945404,15.404593,328.032867,35.217510,-9.529353,512.009766,182.192383,-5.421006,434.568512,183.109879,-5.712720,471.006836,183.733948,-7.669951,507.824249,182.004181,-3.480859,398.160126,180.921219,2.985081,363.856293,180.109970,0.171744,137.130905,28.150139,3.267147,331.903900,178.935745,33.879662,250.976440,179.675735,14.961212,330.065765,179.389938,26.783943,291.237488,178.225861,16.258873,171.611069,177.486526,27.504972,210.757645,24.811903,-6.374311,133.943756
70,0.583333,291.431519,0.681256,137.066284,294.964020,-6.596460,506.968964,294.944031,15.407205,328.031677,35.219925,-9.524291,512.006592,182.227188,-5.358036,434.579987,183.108536,-5.712604,471.006409,183.736710,-7.667825,507.826569,182.000381,-3.485013,398.156799,180.928528,3.009283,363.848999,180.121933,0.202404,137.134979,28.153471,3.274155,331.899292,178.934113,33.895344,250.971848,179.680710,14.971413,330.064301,179.391083,26.792915,291.235840,178.242828,16.302956,171.612305,177.482147,27.509726,210.758209,24.876963,-6.249386,133.986145
71,0.591667,291.433228,0.671877,137.066605,294.959351,-6.608859,506.975708,294.945374,15.403220,328.033142,35.218395,-9.531301,512.010620,182.199493,-5.422317,434.582550,183.103882,-5.724271,471.005341,183.733734,-7.681538,507.829895,182.002106,-3.493467,398.166077,180.925705,2.993690,363.847778,180.106537,0.176579,137.133057,28.150393,3.268859,331.903290,178.930069,33.874496,250.974274,179.676468,14.955666,330.064850,179.389343,26.779587,291.234436,178.227295,16.266361,171.610992,177.482925,27.499626,210.757126,24.805340,-6.382816,133.940063
72,0.600000,291.432251,0.679190,137.066864,294.960510,-6.589113,506.969513,294.948364,15.417311,328.036102,35.220734,-9.515863,512.011719,182.224258,-5.362357,434.583160,183.113113,-5.695470,471.006195,183.739777,-7.659387,507.830261,182.000900,-3.476357,398.164246,180.969116,3.070122,363.897278,180.121567,0.203588,137.129700,28.151146,3.271298,331.904083,178.932632,33.880718,250.976181,179.678848,14.973898,330.066895,179.390106,26.795965,291.236420,178.239410,16.296957,171.612015,177.485413,27.512924,210.759827,24.866159,-6.266167,133.987396
73,0.608333,291.432648,0.672445,137.062469,294.959381,-6.602950,506.970581,294.945160,15.400326,328.031952,35.214046,-9.536659,512.005493,182.170395,-5.463020,434.561249,183.106232,-5.717721,471.005615,183.735367,-7.679586,507.826569,182.001068,-3.489275,398.157715,180.924149,2.979512,363.858032,180.114792,0.187808,137.128113,28.150148,3.263942,331.903137,178.934036,33.879791,250.973495,179.678146,14.961750,330.064087,179.386505,26.778662,291.233765,178.230286,16.270678,171.607864,177.479858,27.492416,210.753311,24.865786,-6.274381,133.981354
74,0.616667,291.434540,0.685369,137.063751,294.962433,-6.607445,506.976379,294.945953,15.418398,328.035797,35.222790,-9.524000,512.008728,182.229019,-5.357371,434.579193,183.111557,-5.699439,471.009338,183.735458,-7.667285,507.828369,182.003113,-3.481413,398.163452,180.929398,3.010284,363.849762,180.117416,0.194328,137.136307,28.153679,3.279333,331.903107,178.932343,33.887463,250.974152,179.677658,14.967616,330.066528,179.389145,26.787317,291.237762,178.233841,16.285101,171.612915,177.483017,27.505836,210.759644,24.858837,-6.276981,133.983673
75,0.625000,291.436890,0.678156,137.061493,294.961273,-6.599169,506.972015,294.945709,15.415166,328.028595,35.225948,-9.515250,512.003357,182.207153,-5.410645,434.577393,183.109375,-5.706685,470.999908,183.739075,-7.664838,507.826569,182.006897,-3.477737,398.159760,180.943604,3.005973,363.873688,180.116974,0.192676,137.130295,28.152754,3.276539,331.900269,178.935974,33.890850,250.970779,179.679916,14.964687,330.065094,179.390091,26.784529,291.235687,178.238342,16.291735,171.612183,177.483261,27.504326,210.758102,24.850660,-6.300683,133.968155
76,0.633333,291.435577,0.672383,137.058853,294.958893,-6.610776,506.976318,294.942413,15.399858,328.034271,35.216000,-9.537963,512.008057,182.190720,-5.426362,434.569855,183.109085,-5.718989,471.004639,183.732254,-7.679816,507.829895,182.003281,-3.490162,398.163452,180.923706,2.972650,363.861603,180.110458,0.174546,137.128555,28.150162,3.264676,331.903351,178.933350,33.881359,250.972336,179.679855,14.960218,330.067963,179.386261,26.775095,291.236023,178.234863,16.273129,171.608978,177.485962,27.492603,210.756973,24.830223,-6.340191,133.958237
77,0.641667,291.435272,0.691202,137.063110,294.960022,-6.587561,506.972260,294.947510,15.417333,328.035767,35.217606,-9.513655,512.007263,182.224854,-5.349759,434.581207,183.111557,-5.693871,471.004425,183.740540,-7.656631,507.827698,182.003647,-3.474601,398.160858,180.933548,3.020239,363.851654,180.124619,0.213466,137.133606,28.152477,3.276297,331.904968,178.936752,33.896442,250.973526,179.679016,14.968183,330.066040,179.390839,26.794069,291.236725,178.241577,16.300777,171.614548,177.484863,27.509851,210.760101,24.847702,-6.304724,133.970932
78,0.650000,291.434235,0.670730,137.058853,294.956329,-6.614906,506.973633,294.935669,15.413051,328.030701,35.214447,-9.538751,512.006775,182.167023,-5.469523,434.562653,183.106522,-5.723580,471.008942,183.737885,-7.673540,507.824585,182.001221,-3.491955,398.164337,180.926392,2.990419,363.848022,180.110992,0.177399,137.122726,28.148607,3.262290,331.901459,178.930435,33.878731,250.972244,179.678055,14.962788,330.067566,179.388138,26.774143,291.235352,178.225281,16.255079,171.607849,177.483871,27.499111,210.754135,24.851490,-6.297936,133.975616
79,0.658333,291.431458,0.682280,137.062103,294.959534,-6.594563,506.971405,294.944489,15.418562,328.033966,35.222137,-9.513989,512.006897,182.225113,-5.349600,434.579407,183.110001,-5.700864,471.005219,183.738770,-7.656996,507.825195,182.002014,-3.477504,398.157837,180.946182,3.002913,363.872925,180.127075,0.204210,137.129517,28.150999,3.276978,331.903778,178.935410,33.892242,250.975967,179.679779,14.966134,330.065552,179.387527,26.793299,291.237000,178.241241,16.297947,171.611755,177.485825,27.509232,210.757675,24.864721,-6.273408,133.979141
80,0.666667,291.434662,0.666829,137.061554,294.955994,-6.601414,506.974030,294.944702,15.401293,328.035980,35.221214,-9.528835,512.009277,182.197021,-5.418224,434.566895,183.111588,-5.706497,471.007202,183.734741,-7.673442,507.832581,182.001755,-3.482840,398.162170,180.923569,2.981717,363.857635,180.108429,0.171848,137.124924,28.150169,3.261256,331.902679,178.931183,33.880299,250.976532,179.660828,14.967775,330.068481,179.389389,26.785812,291.234253,178.225342,16.264366,171.610458,177.481262,27.491425,210.755615,24.809896,-6.365719,133.954834
81,0.675000,291.434357,0.667560,137.061096,294.958038,-6.603626,506.969940,294.941925,15.407870,328.033783,35.219456,-9.527058,512.007751,182.222961,-5.369305,434.576996,183.112793,-5.703718,471.002991,183.734711,-7.671987,507.827942,182.001099,-3.484781,398.159698,180.927277,3.008957,363.846466,180.122604,0.196571,137.125854,28.149805,3.266553,331.898865,178.932449,33.882870,250.970490,179.675308,14.961858,330.066833,179.386276,26.785652,291.233124,178.241135,16.290640,171.607361,177.482132,27.502052,210.755783,24.845741,-6.312579,133.968124
82,0.683333,291.436401,0.686901,137.062347,294.957336,-6.595942,506.973694,294.934052,15.425076,328.032104,35.215961,-9.518194,512.007751,182.225876,-5.362672,434.579681,183.104843,-5.703889,471.005646,183.739029,-7.657966,507.826569,182.005844,-3.469644,398.162323,180.926331,3.007219,363.851532,180.115250,0.185635,137.128128,28.153648,3.275799,331.899750,178.933762,33.895729,250.975220,179.678665,14.974195,330.069397,179.392197,26.798956,291.234131,178.229752,16.281208,171.609863,177.486984,27.509602,210.758865,24.861073,-6.274556,133.985107
83,0.691667,291.433868,0.663939,137.059845,294.960663,-6.611425,506.972321,294.942566,15.395571,328.031281,35.215828,-9.536928,512.010437,182.220261,-5.381180,434.578552,183.108139,-5.716444,471.009369,183.737320,-7.673682,507.826874,182.000946,-3.497295,398.162109,180.928375,2.991191,363.852325,180.116959,0.184448,137.124969,28.152431,3.265326,331.900238,178.933319,33.878094,250.972656,179.675552,14.953712,330.065216,179.386810,26.779480,291.232727,178.233688,16.263771,171.603638,177.482880,27.499197,210.754898,24.849037,-6.301891,133.970657
84,0.700000,291.435852,0.683758,137.063324,294.960388,-6.597673,506.972626,294.945404,15.420390,328.033997,35.222637,-9.510221,512.010986,182.223999,-5.357662,434.583160,183.108810,-5.698280,471.005310,183.735580,-7.661333,507.827515,182.005112,-3.475534,398.159668,180.928787,3.008266,363.850250,180.112961,0.184153,137.124832,28.152157,3.281249,331.902527,178.934647,33.891090,250.974716,179.677414,14.969116,330.064972,179.387421,26.784433,291.233032,178.236267,16.287731,171.609604,177.484177,27.508114,210.756851,24.865143,-6.267776,133.982483
85,0.708333,291.434357,0.673628,137.063812,294.956604,-6.606521,506.972717,294.949036,15.406852,328.033234,35.213947,-9.535004,512.011414,182.223221,-5.376876,434.584595,183.110657,-5.706562,471.004333,183.736420,-7.667906,507.827209,182.002457,-3.488059,398.160980,180.925217,3.002877,363.850372,180.112946,0.178098,137.128601,28.149899,3.264958,331.901978,178.935715,33.883572,250.972275,179.678101,14.959826,330.063965,179.389542,26.788031,291.234955,178.234009,16.273960,171.608017,177.482056,27.498857,210.755142,24.865057,-6.265818,133.992523
86,0.716667,291.434631,0.670407,137.062302,294.958130,-6.608591,506.971252,294.945526,15.401579,328.031372,35.216335,-9.524675,512.009277,182.202820,-5.418501,434.580505,183.109192,-5.702613,471.003235,183.737152,-7.670300,507.825897,181.999069,-3.491615,398.157776,180.928055,2.998093,363.851990,180.118546,0.190843,137.129120,28.150694,3.267531,331.898987,178.934631,33.883091,250.972244,179.678314,14.966809,330.065857,179.389557,26.782709,291.235016,178.239059,16.286011,171.608292,177.485138,27.501688,210.757217,24.835699,-6.328704,133.958130
87,0.725000,291.435211,0.678979,137.066559,294.956451,-6.611043,506.979462,294.945526,15.413509,328.031525,35.221645,-9.520557,512.010620,182.233490,-5.341115,434.575409,183.114044,-5.698877,471.007568,183.732086,-7.658864,507.824646,182.002380,-3.478430,398.159698,180.925232,3.001925,363.854889,180.116348,0.185039,137.130081,28.151411,3.276191,331.901245,178.932068,33.884361,250.974503,179.674652,14.963751,330.066650,179.387817,26.790358,291.234863,178.228134,16.273327,171.610550,177.482666,27.504562,210.758240,24.863932,-6.274774,133.985840
88,0.733333,291.433105,0.668975,137.065918,294.962463,-6.604990,506.976959,294.948425,15.412622,328.030945,35.221966,-9.523283,512.007690,182.227051,-5.367029,434.575928,183.109573,-5.709023,471.005402,183.739807,-7.659317,507.821625,182.002792,-3.480484,398.159821,180.930801,3.010178,363.846466,180.115158,0.185654,137.128296,28.155928,3.275508,331.901245,178.937866,33.893002,250.972244,179.680710,14.974039,330.063599,179.388641,26.785854,291.233368,178.237915,16.290077,171.610428,177.485458,27.504969,210.758286,24.852383,-6.301527,133.967514
89,0.741667,291.435760,0.666018,137.066086,294.957916,-6.613811,506.977264,294.941925,15.399052,328.035217,35.220081,-9.523853,512.008545,182.226974,-5.365670,434.580475,183.109406,-5.698749,471.006775,183.733597,-7.671515,507.829254,182.002487,-3.488411,398.161896,180.927368,2.999494,363.849243,180.114197,0.177012,137.127289,28.148432,3.263420,331.901031,178.936905,33.882610,250.971085,179.678787,14.964971,330.064117,179.386322,26.778063,291.234802,178.228821,16.264654,171.611755,177.485016,27.502613,210.756058,24.836500,-6.322274,133.966370
90,0.750000,291.432404,0.669475,137.063660,294.960083,-6.602625,506.974152,294.949402,15.404585,328.031097,35.217796,-9.526721,512.007812,182.203766,-5.414292,434.577759,183.108444,-5.713449,471.009430,183.736145,-7.665958,507.825623,182.002197,-3.491335,398.158752,180.925095,2.998833,363.854767,180.121872,0.191301,137.126083,28.150928,3.267418,331.900146,178.932861,33.885529,250.972992,179.680893,14.967263,330.066742,179.388641,26.788181,291.232819,178.238693,16.282389,171.609711,177.486176,27.506166,210.758209,24.858868,-6.289211,133.977997
91,0.758333,291.437714,0.680341,137.063080,294.960449,-6.605234,506.975403,294.946686,15.403975,328.031311,35.219646,-9.527232,512.010010,182.223526,-5.372800,434.580231,183.108597,-5.707890,471.004822,183.733536,-7.669883,507.826202,182.003052,-3.480918,398.159973,180.926758,2.998227,363.849884,180.108582,0.176165,137.124603,28.153473,3.270321,331.899811,178.931717,33.880554,250.975815,179.656265,14.960589,330.068573,179.388489,26.786272,291.231567,178.233658,16.271145,171.610443,177.482712,27.494791,210.755737,24.861341,-6.281405,133.984192
92,0.766667,291.436890,0.681178,137.066559,294.961548,-6.605904,506.974152,294.950012,15.418596,328.030609,35.220654,-9.514106,512.003906,182.228058,-5.363957,434.580231,183.108170,-5.707779,471.004242,183.736984,-7.663822,507.826263,182.004990,-3.480649,398.159607,180.927017,3.005701,363.848022,180.126968,0.206725,137.134903,28.154135,3.277626,331.899567,178.934341,33.884327,250.972244,179.676636,14.965835,330.065918,179.388748,26.791592,291.231903,178.242355,16.297649,171.607498,177.485855,27.505270,210.756927,24.865887,-6.270455,133.988922
93,0.775000,291.434662,0.666335,137.066284,294.961212,-6.606695,506.972504,294.948425,15.406391,328.032562,35.220276,-9.526004,512.007690,182.238327,-5.345106,434.571381,183.110748,-5.708997,471.006653,183.736191,-7.667427,507.827820,182.006500,-3.479659,398.161194,180.925064,2.999237,363.850983,180.116318,0.176626,137.123260,28.155439,3.273781,331.900940,178.935989,33.881405,250.969681,179.662445,14.975001,330.064850,179.388977,26.781757,291.233337,178.232758,16.268360,171.609146,177.485397,27.499844,210.755219,24.856667,-6.299616,133.973877
94,0.783333,291.431000,0.663000,137.066040,294.957489,-6.610657,506.974945,294.945343,15.394869,328.032684,35.217579,-9.528134,512.011963,182.172531,-5.459085,434.561157,183.109436,-5.716683,471.009460,183.735474,-7.669620,507.825317,182.004211,-3.488745,398.156464,180.924973,2.992264,363.849884,180.119980,0.194653,137.131958,28.150803,3.265614,331.901215,178.932022,33.879143,250.971085,179.678940,14.964914,330.062927,179.385818,26.774485,291.233612,178.236557,16.273560,171.610062,177.483414,27.498602,210.757202,24.865297,-6.273441,133.983887
95,0.791667,291.435455,0.670997,137.066772,294.961548,-6.607367,506.973450,294.947205,15.409585,328.030182,35.218208,-9.521259,512.007202,182.226227,-5.359139,434.578186,183.111328,-5.708130,471.006378,183.738785,-7.656109,507.822327,182.004684,-3.480848,398.156281,180.928757,3.002810,363.846466,180.116226,0.184727,137.126831,28.154322,3.271396,331.900818,178.933792,33.882183,250.972809,179.681549,14.969377,330.066040,179.390640,26.790703,291.232483,178.231247,16.274384,171.607895,177.485275,27.500813,210.757385,24.843653,-6.322066,133.962936
96,0.800000,291.433868,0.670461,137.063080,294.963440,-6.611150,506.975281,294.946014,15.412232,328.031250,35.218292,-9.523830,512.010498,182.203156,-5.415795,434.576355,183.105469,-5.718158,471.006866,183.736710,-7.667593,507.826447,182.003967,-3.485308,398.158264,180.929092,2.995354,363.849335,180.115936,0.187949,137.129807,28.150507,3.271525,331.900360,178.931549,33.881939,250.973404,179.676010,14.955793,330.066986,179.387970,26.785486,291.234131,178.226868,16.275330,171.610062,177.482727,27.507563,210.755249,24.852661,-6.289852,133.979065
97,0.808333,291.434784,0.668013,137.063370,294.961304,-6.603000,506.968903,294.948425,15.409817,328.030579,35.219013,-9.518985,512.007019,182.227005,-5.365168,434.576569,183.111023,-5.713828,471.004211,183.738464,-7.666717,507.823822,182.004303,-3.484423,398.157440,180.925720,2.995547,363.846649,180.119751,0.192703,137.126617,28.153738,3.276419,331.897461,178.936340,33.887756,250.972870,179.679321,14.964798,330.068451,179.391129,26.789127,291.233368,178.238205,16.277943,171.606979,177.485886,27.507818,210.753601,24.861843,-6.283488,133.978577
98,0.816667,291.435089,0.663644,137.063614,294.956573,-6.620255,506.977448,294.945435,15.403214,328.031036,35.216331,-9.523612,512.008301,182.220901,-5.373592,434.580963,183.107025,-5.707746,471.007446,183.736679,-7.677006,507.827454,181.999023,-3.489637,398.162964,180.928574,3.000169,363.854614,180.114014,0.179749,137.129776,28.150135,3.265266,331.901947,178.934875,33.874809,250.974442,179.675079,14.955837,330.071014,179.384460,26.779028,291.233917,178.236176,16.275385,171.609894,177.482773,27.503761,210.757385,24.857210,-6.285782,133.984283
99,0.825000,291.436096,0.670307,137.064743,294.963959,-6.606149,506.973328,294.948425,15.411406,328.031891,35.219944,-9.521716,512.004211,182.173523,-5.459904,434.559937,183.109375,-5.717985,471.006409,183.738510,-7.665808,507.824371,182.005722,-3.486286,398.160065,180.929199,3.001802,363.848907,180.113068,0.179361,137.124268,28.156761,3.275665,331.900909,178.934219,33.879612,250.972397,179.662048,14.969173,330.066376,179.392593,26.791975,291.233490,178.237549,16.274424,171.605667,177.485199,27.501789,210.758270,24.863106,-6.283325,133.970917
100,0.833333,291.433350,0.682265,137.066940,294.958862,-6.610064,506.976532,294.946533,15.406289,328.032196,35.223465,-9.511373,512.005249,182.238632,-5.335007,434.574432,183.108887,-5.710581,471.010223,183.733536,-7.666686,507.828461,182.005707,-3.478579,398.158051,180.927170,3.002546,363.846985,180.121262,0.198220,137.132263,28.152363,3.273865,331.901459,178.935013,33.885998,250.975876,179.674561,14.961947,330.066162,179.387558,26.785938,291.236023,178.233932,16.272423,171.607956,177.485474,27.508547,210.759506,24.829613,-6.334156,133.959137
101,0.841667,291.433746,0.670862,137.063156,294.962311,-6.622928,506.974274,294.945190,15.397948,328.027863,35.216713,-9.533540,512.010803,182.195312,-5.418843,434.562897,183.110687,-5.713975,471.002380,183.732864,-7.675680,507.823700,182.006256,-3.484340,398.155670,180.927567,2.995124,363.843475,180.118805,0.190676,137.127319,28.151014,3.263247,331.900787,178.934357,33.882061,250.973282,179.679855,14.962168,330.062805,179.389511,26.780642,291.232788,178.233475,16.267401,171.608063,177.483932,27.505508,210.754135,24.845629,-6.309336,133.965958
102,0.850000,291.437592,0.686728,137.067047,294.963928,-6.603527,506.973633,294.946136,15.422184,328.032166,35.223820,-9.511214,512.007507,182.226501,-5.357855,434.577118,183.114029,-5.698818,471.003510,183.739120,-7.654511,507.827118,182.005615,-3.480438,398.163879,180.925522,3.010372,363.849365,180.112823,0.183801,137.133255,28.152777,3.269288,331.901398,178.934250,33.883663,250.974274,179.663544,14.976213,330.068207,179.389633,26.794840,291.235077,178.234390,16.273123,171.610107,177.486771,27.504213,210.755020,24.857786,-6.288733,133.978195
103,0.858333,291.434784,0.670182,137.063812,294.957458,-6.613020,506.973694,294.949341,15.406478,328.032349,35.219364,-9.527161,512.007385,182.169968,-5.466808,434.562897,183.106628,-5.720699,471.006409,183.735886,-7.670512,507.826324,182.000488,-3.496619,398.162079,180.923126,2.997177,363.846985,180.111343,0.177503,137.129532,28.151449,3.265397,331.903442,178.931870,33.877483,250.969177,179.677551,14.961373,330.066864,179.387039,26.780392,291.232697,178.231644,16.272453,171.609085,177.481873,27.495901,210.753128,24.843451,-6.309965,133.971054
104,0.866667,291.432678,0.676599,137.067093,294.962036,-6.606991,506.975952,294.946655,15.406045,328.031097,35.219257,-9.522283,512.008362,182.199402,-5.413774,434.574493,183.113388,-5.709553,471.010193,183.736221,-7.673165,507.829956,182.006073,-3.482234,398.160706,180.927612,2.998406,363.847870,180.119232,0.190774,137.132523,28.150743,3.265831,331.904907,178.934921,33.889717,250.974213,179.676620,14.956013,330.068756,179.391312,26.789976,291.235504,178.239670,16.285776,171.611816,177.482483,27.501616,210.758499,24.838318,-6.331347,133.959534
105,0.875000,291.431458,0.669610,137.062286,294.963196,-6.603271,506.973267,294.936646,15.417222,328.031433,35.222965,-9.519403,512.007996,182.192032,-5.415372,434.563904,183.109879,-5.712534,471.006683,183.735580,-7.663074,507.824951,182.001892,-3.483457,398.162476,180.946686,2.995444,363.872284,180.110870,0.189972,137.130051,28.151031,3.269052,331.900421,178.932251,33.889244,250.970154,179.678528,14.961665,330.066132,179.386032,26.785822,291.231903,178.225967,16.277357,171.608475,177.482559,27.505495,210.755905,24.854435,-6.281824,133.977203
106,0.883333,291.432800,0.671764,137.065613,294.962616,-6.605518,506.968628,294.945343,15.400438,328.031616,35.221493,-9.520865,512.008179,182.175003,-5.451213,434.560089,183.108994,-5.715461,471.005554,183.737457,-7.670190,507.827148,182.002243,-3.489370,398.160217,180.924286,2.986699,363.861389,180.122025,0.194991,137.133331,28.152161,3.268455,331.902679,178.934265,33.883095,250.971710,179.678406,14.965753,330.066833,179.389954,26.783810,291.236023,178.231216,16.272562,171.608871,177.486099,27.506094,210.759613,24.831776,-6.342843,133.955002
107,0.891667,291.434784,0.678172,137.064041,294.961121,-6.604206,506.975464,294.943787,15.403966,328.036041,35.220291,-9.522463,512.011658,182.198410,-5.417624,434.578461,183.112610,-5.703728,471.003479,183.738724,-7.664620,507.826996,182.003967,-3.478928,398.162231,180.944748,2.996019,363.876587,180.115768,0.183084,137.127121,28.153225,3.271199,331.903503,178.934296,33.886238,250.972275,179.677353,14.966761,330.066833,179.390472,26.783348,291.234650,178.233780,16.276150,171.612137,177.487106,27.502516,210.756592,24.871553,-6.252511,133.993698
108,0.900000,291.434540,0.668683,137.059372,294.958221,-6.609434,506.973511,294.943665,15.394507,328.033325,35.217152,-9.535744,512.008850,182.220062,-5.381728,434.584412,183.108444,-5.715536,471.004700,183.732544,-7.677373,507.826263,182.003342,-3.491166,398.161407,180.923782,2.977735,363.857025,180.122253,0.188728,137.126083,28.152914,3.262129,331.899902,178.933212,33.875191,250.972687,179.677643,14.955423,330.066498,179.389694,26.781872,291.233459,178.238312,16.271074,171.610779,177.480698,27.491657,210.754013,24.837122,-6.338980,133.959534
109,0.908333,291.434204,0.687450,137.066345,294.959686,-6.603170,506.968811,294.948364,15.417815,328.034088,35.225845,-9.514647,512.005493,182.204391,-5.411195,434.580078,183.112961,-5.691843,471.005768,183.738251,-7.659569,507.825745,182.006805,-3.476555,398.163452,180.929062,3.010559,363.850647,180.122253,0.207853,137.135406,28.155869,3.274671,331.903351,178.934174,33.894127,250.975662,179.678925,14.968134,330.065765,179.387985,26.786839,291.235962,178.233582,16.283054,171.610413,177.483368,27.511553,210.758087,24.858013,-6.268752,133.984756
110,0.916667,291.434113,0.673460,137.064819,294.966003,-6.602233,506.969574,294.944733,15.408982,328.028778,35.218132,-9.528989,512.008728,182.171509,-5.468224,434.562073,183.111862,-5.710814,471.003052,183.734512,-7.674026,507.828003,182.005585,-3.489283,398.161499,180.925949,3.002626,363.840881,180.116791,0.190457,137.129700,28.152695,3.267403,331.900391,178.934555,33.888313,250.973068,179.676376,14.963280,330.066040,179.388077,26.785280,291.234467,178.234039,16.275341,171.604202,177.482361,27.506634,210.755478,24.836979,-6.322298,133.963287
111,0.925000,291.435577,0.664245,137.065094,294.960144,-6.611173,506.971313,294.945099,15.397958,328.031952,35.216652,-9.534514,512.008484,182.198257,-5.415369,434.580200,183.108505,-5.712317,471.006836,183.737991,-7.672812,507.829620,182.001755,-3.493095,398.160217,180.925980,3.001280,363.847900,180.123245,0.186456,137.133301,28.148209,3.260020,331.901520,178.933563,33.873524,250.973343,179.675919,14.957180,330.069550,179.386597,26.775843,291.232635,178.237259,16.268909,171.608170,177.486740,27.499775,210.756516,24.841335,-6.333461,133.960419
112,0.933333,291.432739,0.667114,137.064682,294.957916,-6.592837,506.973450,294.944122,15.408237,328.034698,35.220196,-9.524241,512.009766,182.224289,-5.362115,434.585358,183.107666,-5.694718,471.007446,183.739853,-7.656635,507.827118,182.003799,-3.477082,398.160675,180.946823,3.007811,363.876678,180.116089,0.188088,137.130478,28.155186,3.273941,331.903442,178.934174,33.883209,250.973495,179.665161,14.979117,330.069763,179.389267,26.793587,291.234222,178.234573,16.276039,171.611496,177.486816,27.506020,210.760742,24.846333,-6.299397,133.971878
113,0.941667,291.433289,0.667134,137.065231,294.960938,-6.604573,506.970520,294.942657,15.403854,328.031891,35.218529,-9.533888,512.006958,182.221054,-5.382496,434.583160,183.110107,-5.713413,471.004944,183.734924,-7.670300,507.827209,182.002502,-3.487002,398.159088,180.923111,2.986403,363.854095,180.120239,0.189039,137.130447,28.151865,3.262945,331.902863,178.936035,33.883312,250.968460,179.674866,14.954661,330.065704,179.386826,26.778603,291.233490,178.235703,16.277443,171.610443,177.483002,27.501982,210.757446,24.833118,-6.349874,133.949860
114,0.950000,291.432037,0.676690,137.070694,294.965790,-6.598698,506.973267,294.945923,15.412126,328.032379,35.222721,-9.521320,512.010132,182.219513,-5.376453,434.584320,183.109848,-5.705145,471.005157,183.740051,-7.663909,507.826141,182.000610,-3.489285,398.163483,180.926514,3.004123,363.849609,180.116898,0.190640,137.130951,28.152603,3.269105,331.903503,178.934967,33.893177,250.975006,179.662125,14.970040,330.067902,179.389252,26.788191,291.236328,178.225433,16.272417,171.609528,177.482529,27.508509,210.762009,24.853954,-6.279134,133.980881
115,0.958333,291.431458,0.659196,137.065094,294.959229,-6.608957,506.969147,294.948151,15.405235,328.032104,35.216713,-9.534159,512.006592,182.169907,-5.464085,434.563141,183.109222,-5.713322,471.006958,183.734406,-7.669446,507.822815,182.000778,-3.484624,398.161957,180.926331,3.005426,363.847748,180.117294,0.179894,137.129913,28.153278,3.271348,331.901306,178.934662,33.880024,250.970154,179.658524,14.965511,330.068298,179.389389,26.783180,291.234680,178.231705,16.269960,171.609192,177.482101,27.500330,210.757675,24.844791,-6.322796,133.958801
116,0.966667,291.434998,0.668429,137.063354,294.958374,-6.598330,506.975128,294.942932,15.406164,328.034424,35.216423,-9.528039,512.005859,182.196365,-5.406934,434.561584,183.110229,-5.709438,471.008484,183.734360,-7.666269,507.826935,182.002716,-3.478036,398.161163,180.927856,3.012560,363.852448,180.120789,0.191407,137.134903,28.157768,3.274598,331.904724,178.936279,33.880184,250.975433,179.678162,14.964827,330.066132,179.389313,26.788231,291.235748,178.232956,16.266783,171.611237,177.485367,27.498055,210.756683,24.870865,-6.264287,133.990768
117,0.975000,291.430054,0.674023,137.065659,294.957733,-6.593950,506.970276,294.945404,15.414904,328.031036,35.221912,-9.511574,512.002869,182.228943,-5.353849,434.577759,183.112991,-5.698647,471.006104,183.741653,-7.653419,507.823456,181.999252,-3.487605,398.162415,180.923645,2.998517,363.855072,180.120895,0.200987,137.132248,28.151903,3.271531,331.906403,178.934784,33.889492,250.976715,179.678802,14.973321,330.065216,179.389923,26.794964,291.234924,178.237106,16.287672,171.611252,177.484406,27.510931,210.758835,24.843603,-6.306979,133.971939
118,0.983333,291.433441,0.668800,137.066879,294.963196,-6.619225,506.977509,294.945648,15.396304,328.035370,35.218987,-9.539042,512.007751,182.169281,-5.476331,434.565002,183.109772,-5.719863,471.007080,183.734238,-7.676518,507.825897,182.006729,-3.491976,398.163086,180.925934,2.982237,363.848663,180.112091,0.175043,137.127045,28.151337,3.253344,331.906311,178.934052,33.879101,250.974808,179.678818,14.954214,330.065491,179.389252,26.776890,291.236389,178.233154,16.267080,171.610229,177.482773,27.496180,210.754105,24.826380,-6.355428,133.954483
119,0.991667,291.432251,0.679682,137.066635,294.965118,-6.594651,506.969452,294.945282,15.414457,328.034576,35.217213,-9.516253,512.006104,182.196106,-5.410819,434.580170,183.111328,-5.690232,471.005646,183.735626,-7.660371,507.823578,182.006531,-3.467390,398.162262,180.927444,3.013776,363.852905,180.119766,0.206003,137.134766,28.155424,3.278966,331.906006,178.931381,33.889732,250.975906,179.679550,14.976541,330.065613,179.389633,26.797468,291.236206,178.235764,16.299095,171.611526,177.487137,27.520437,210.756073,24.902407,-6.191083,134.016357
120,1.000000,291.436859,0.668567,137.067871,294.958405,-6.599685,506.972565,294.949554,15.401381,328.035217,35.218052,-9.530102,512.007996,182.223679,-5.374459,434.587189,183.111023,-5.710498,471.008636,183.739410,-7.668460,507.825378,182.005737,-3.482056,398.160034,180.927597,2.999131,363.853912,180.119400,0.183728,137.134781,28.153370,3.264198,331.907166,178.935974,33.878399,250.975372,179.661728,14.964265,330.069794,179.393661,26.784634,291.237793,178.235123,16.264126,171.610413,177.491516,27.494827,210.756622,24.830080,-6.353934,133.951385
121,1.008333,291.430176,0.672586,137.065475,294.956696,-6.604684,506.974518,294.943573,15.397491,328.031738,35.216766,-9.528820,512.007507,182.167267,-5.474299,434.565613,183.107437,-5.712070,471.008575,183.735107,-7.664552,507.827515,182.001022,-3.486076,398.162811,180.941452,2.981502,363.878265,180.118118,0.178195,137.128067,28.149536,3.264118,331.908508,178.932571,33.872826,250.976151,179.676895,14.960553,330.069946,179.389160,26.785091,291.234192,178.233490,16.270174,171.608429,177.483276,27.495096,210.755020,24.861210,-6.277613,133.985291
122,1.016667,291.432312,0.683562,137.070267,294.965973,-6.599256,506.974518,294.947144,15.408471,328.034424,35.220310,-9.521742,512.008667,182.227173,-5.360158,434.579285,183.112778,-5.695937,471.007843,183.737305,-7.660620,507.830200,182.003342,-3.474985,398.162567,180.929184,2.997986,363.860291,180.120316,0.188723,137.129349,28.151846,3.262939,331.909210,178.934464,33.878456,250.978851,179.679016,14.966033,330.070496,179.389481,26.789078,291.238403,178.239822,16.285255,171.611832,177.485779,27.506287,210.758072,24.838202,-6.324042,133.963806
123,1.025000,291.429901,0.666322,137.064346,294.966858,-6.613752,506.973572,294.945465,15.400445,328.034119,35.216766,-9.535946,512.011108,182.173370,-5.467020,434.561554,183.108749,-5.716944,471.004974,183.734558,-7.671087,507.825439,182.005447,-3.485198,398.164703,180.946243,2.997110,363.870728,180.114761,0.184628,137.127701,28.153370,3.261468,331.905243,178.934235,33.877773,250.973816,179.680450,14.961967,330.067535,179.389084,26.780716,291.233490,178.235809,16.283178,171.609634,177.484207,27.498148,210.756088,24.851484,-6.297172,133.979477
124,1.033333,291.435242,0.674816,137.068985,294.960754,-6.596974,506.971832,294.948334,15.416472,328.037079,35.218792,-9.524210,512.009949,182.225113,-5.355380,434.580566,183.108627,-5.707540,471.005554,183.741104,-7.655366,507.826324,182.002747,-3.472435,398.161682,180.943680,2.996324,363.882812,180.116089,0.188119,137.131058,28.157032,3.276929,331.905212,178.937592,33.888855,250.974655,179.661499,14.971977,330.068268,179.390854,26.793877,291.235077,178.235397,16.281416,171.612762,177.485519,27.508440,210.758347,24.844870,-6.316905,133.964523
125,1.041667,291.433655,0.661996,137.066681,294.957275,-6.603608,506.976776,294.941986,15.396793,328.035187,35.218903,-9.532488,512.011292,182.194382,-5.413838,434.569092,183.109039,-5.711940,471.008301,183.736374,-7.673197,507.826630,182.002274,-3.485305,398.162384,180.942490,2.982738,363.885834,180.116028,0.181303,137.135010,28.151791,3.264157,331.906372,178.934265,33.874722,250.974960,179.658508,14.968468,330.070892,179.387085,26.775078,291.237030,178.238312,16.272057,171.610825,177.483017,27.495022,210.760620,24.844913,-6.316094,133.969666
126,1.050000,291.432190,0.673424,137.066940,294.961487,-6.607241,506.972137,294.943878,15.405126,328.033295,35.221165,-9.524756,512.008240,182.223465,-5.365110,434.578644,183.106354,-5.712261,471.005768,183.736282,-7.661365,507.817505,182.004471,-3.479820,398.161194,180.923386,2.981303,363.859436,180.117874,0.187902,137.132294,28.155329,3.262981,331.902863,178.934494,33.887222,250.972427,179.679352,14.964751,330.065582,179.388748,26.781324,291.233673,178.238159,16.293327,171.614288,177.481094,27.499468,210.757629,24.847677,-6.309519,133.967300
127,1.058333,291.433441,0.680128,137.071106,294.968201,-6.603869,506.976440,294.947906,15.408847,328.037689,35.221012,-9.518386,512.011108,182.228241,-5.359519,434.585022,183.111801,-5.701578,471.008636,183.740814,-7.660658,507.826324,182.002640,-3.478685,398.166443,180.928131,3.001853,363.854004,180.120041,0.199870,137.136856,28.158409,3.270681,331.906464,178.937225,33.890362,250.978027,179.681168,14.968095,330.066803,179.391251,26.787308,291.238770,178.236069,16.287048,171.613052,177.483368,27.504358,210.762650,24.844137,-6.314127,133.967072
128,1.066667,291.433167,0.670242,137.062714,294.960236,-6.609905,506.974945,294.946259,15.397075,328.029633,35.218502,-9.529140,512.007141,182.197800,-5.422620,434.577087,183.103577,-5.721190,471.004547,183.737885,-7.670774,507.824951,182.001556,-3.487732,398.160278,180.944763,2.988239,363.870178,180.111832,0.177626,137.125412,28.150240,3.257557,331.902802,178.933487,33.870106,250.975128,179.680420,14.955788,330.062775,179.386887,26.773386,291.234467,178.238052,16.274027,171.607544,177.487411,27.499619,210.757217,24.843098,-6.321753,133.965210
129,1.075000,291.435425,0.678851,137.069855,294.957214,-6.589977,506.971191,294.946136,15.417572,328.036682,35.222366,-9.518201,512.009949,182.226929,-5.356616,434.584015,183.108963,-5.702079,471.010437,183.737762,-7.665545,507.828247,182.004242,-3.471964,398.165924,180.945923,2.987427,363.885223,180.113632,0.181391,137.131439,28.153269,3.272182,331.907227,178.936249,33.880375,250.977310,179.681259,14.971679,330.068268,179.393768,26.791542,291.235962,178.234009,16.273787,171.613159,177.489624,27.509380,210.760239,24.854311,-6.297405,133.978210
130,1.083333,291.434143,0.664516,137.067032,294.960602,-6.599926,506.970764,294.945068,15.403078,328.033783,35.218281,-9.529883,512.014343,182.172165,-5.459302,434.560760,183.106598,-5.720495,471.008270,183.730942,-7.671784,507.825897,182.002335,-3.486737,398.165039,180.942062,2.970475,363.883575,180.118988,0.187650,137.132782,28.151232,3.259300,331.904175,178.932236,33.872166,250.974533,179.675903,14.955650,330.070190,179.389679,26.784088,291.237305,178.235474,16.274895,171.612045,177.488678,27.503248,210.758743,24.852951,-6.308153,133.968933
131,1.091667,291.433533,0.676787,137.068237,294.966827,-6.601179,506.970825,294.948364,15.415793,328.035553,35.221661,-9.521107,512.010803,182.230942,-5.343953,434.579163,183.112137,-5.704073,471.007843,183.744308,-7.653638,507.822632,182.008453,-3.474167,398.159515,180.944275,2.982452,363.882935,180.119232,0.195216,137.132004,28.156591,3.273793,331.905609,178.934448,33.885071,250.977493,179.680756,14.966715,330.066528,179.391144,26.792686,291.235687,178.236710,16.283855,171.612045,177.488892,27.508301,210.759460,24.868486,-6.270407,133.985443
132,1.100000,291.431946,0.665807,137.068085,294.960327,-6.609152,506.976837,294.945251,15.401938,328.036499,35.221176,-9.525985,512.011169,182.224792,-5.367647,434.587860,183.107239,-5.714413,471.011047,183.731613,-7.678023,507.829498,181.998810,-3.490609,398.163818,180.923004,2.983574,363.857056,180.116928,0.181076,137.129227,28.150097,3.257761,331.903931,178.933380,33.877892,250.978195,179.675369,14.952081,330.065674,179.386230,26.775402,291.233032,178.227844,16.265274,171.611115,177.482880,27.498878,210.757141,24.846569,-6.312742,133.971420
133,1.108333,291.434296,0.678563,137.065521,294.956238,-6.591434,506.972076,294.946716,15.407444,328.037903,35.221268,-9.517941,512.009094,182.202499,-5.411886,434.580109,183.108780,-5.706906,471.009979,183.737534,-7.658509,507.826691,182.001511,-3.484628,398.162445,180.947662,3.017533,363.872894,180.121078,0.192936,137.131653,28.155338,3.270855,331.905640,178.938156,33.882179,250.975006,179.680908,14.967601,330.065369,179.390381,26.787737,291.234467,178.236679,16.277479,171.614380,177.486786,27.502357,210.758820,24.857330,-6.292212,133.977921
134,1.116667,291.437744,0.670047,137.066498,294.955750,-6.599454,506.972900,294.947144,15.395274,328.034271,35.219929,-9.530063,512.010742,182.202606,-5.420234,434.579956,183.108154,-5.717782,471.006317,183.737320,-7.673460,507.832062,182.007690,-3.480969,398.162994,180.944168,2.976315,363.885956,180.119492,0.179100,137.131378,28.152348,3.260184,331.905548,178.937119,33.877712,250.977402,179.678833,14.958325,330.068268,179.386215,26.773960,291.237061,178.229462,16.257452,171.613159,177.484650,27.489304,210.757263,24.825148,-6.357801,133.955139
135,1.125000,291.433197,0.676474,137.068649,294.961212,-6.602978,506.973389,294.949371,15.420743,328.036194,35.226749,-9.520761,512.010681,182.227570,-5.360301,434.582733,183.112183,-5.695868,471.008942,183.738190,-7.650546,507.828003,182.005859,-3.475789,398.162018,180.945160,2.983073,363.890076,180.116623,0.196640,137.131226,28.154774,3.268780,331.906982,178.935104,33.886108,250.975586,179.665497,14.972007,330.070160,179.389755,26.792551,291.236511,178.234055,16.282896,171.612717,177.484283,27.509472,210.759155,24.860769,-6.282623,133.976898
136,1.133333,291.434296,0.669710,137.067032,294.963989,-6.614242,506.973755,294.943665,15.399140,328.034637,35.221684,-9.532804,512.012756,182.201828,-5.421718,434.579834,183.109619,-5.718398,471.008240,183.738785,-7.669909,507.826691,182.001572,-3.491369,398.162201,180.926712,2.980329,363.855469,180.110001,0.175465,137.127945,28.152103,3.254975,331.904572,178.931793,33.875950,250.975403,179.678696,14.956563,330.067780,179.388809,26.782089,291.235504,178.238861,16.276762,171.609741,177.484192,27.496773,210.756241,24.839897,-6.324151,133.966064
137,1.141667,291.433441,0.673842,137.068634,294.962708,-6.602871,506.973755,294.945801,15.412383,328.035217,35.220272,-9.527627,512.016418,182.202820,-5.414729,434.578186,183.112289,-5.706428,471.007019,183.739487,-7.658075,507.830322,182.006561,-3.477178,398.163757,180.951538,3.009551,363.876984,180.127640,0.208608,137.136688,28.155756,3.269290,331.905212,178.930695,33.876041,250.976593,179.678314,14.958976,330.068512,179.391891,26.790543,291.239166,178.241089,16.286617,171.615540,177.483795,27.503212,210.762848,24.849819,-6.309639,133.972244
138,1.150000,291.435516,0.670137,137.065277,294.958893,-6.600795,506.971069,294.945679,15.406549,328.035431,35.221230,-9.528610,512.011047,182.171738,-5.465488,434.566986,183.109879,-5.710498,471.006714,183.735794,-7.676695,507.829132,182.005280,-3.486542,398.160431,180.927246,2.981469,363.859344,180.124329,0.194746,137.131836,28.152143,3.262544,331.904053,178.936005,33.879597,250.972870,179.678391,14.957081,330.068604,179.388474,26.776134,291.235107,178.233521,16.266624,171.612259,177.483047,27.490158,210.758850,24.831163,-6.345653,133.953506
139,1.158333,291.434174,0.679476,137.065903,294.961304,-6.606798,506.976440,294.943420,15.414441,328.034760,35.221333,-9.523777,512.013855,182.198700,-5.419351,434.580597,183.112518,-5.702896,471.005157,183.739349,-7.662720,507.832520,182.001785,-3.484675,398.162994,180.928879,3.005304,363.855865,180.120255,0.189966,137.130554,28.150417,3.263426,331.909119,178.934708,33.881592,250.974716,179.679779,14.964198,330.069366,179.387299,26.782913,291.239014,178.237930,16.280260,171.610764,177.485657,27.500471,210.761765,24.843115,-6.318635,133.964325
140,1.166667,291.436646,0.675495,137.066345,294.965057,-6.600109,506.971008,294.948364,15.410998,328.033966,35.217113,-9.527224,512.012756,182.175003,-5.453873,434.561737,183.113159,-5.700772,471.005768,183.739075,-7.664779,507.827942,182.003540,-3.481973,398.161285,180.945236,2.998002,363.875092,180.120972,0.194966,137.130539,28.152365,3.263271,331.905212,178.935349,33.884285,250.973434,179.681976,14.968904,330.067169,179.387756,26.783474,291.237518,178.231125,16.270945,171.607971,177.484787,27.502115,210.758957,24.823399,-6.347978,133.950851
141,1.175000,291.432831,0.663238,137.063126,294.962769,-6.609347,506.973328,294.945374,15.403353,328.036804,35.217319,-9.534018,512.018005,182.202713,-5.413425,434.577637,183.112640,-5.711836,471.007202,183.735336,-7.667825,507.830261,182.003860,-3.490693,398.164337,180.945511,2.972311,363.889496,180.117538,0.185623,137.131821,28.153816,3.257543,331.907318,178.934738,33.877106,250.975586,179.679474,14.959345,330.068909,179.387238,26.775116,291.240570,178.232300,16.261391,171.608719,177.482925,27.499649,210.759354,24.830280,-6.348807,133.957413
142,1.183333,291.434875,0.678650,137.066330,294.963196,-6.582803,506.970459,294.948517,15.431483,328.030579,35.225719,-9.509688,512.008545,182.231857,-5.348508,434.579559,183.112823,-5.696109,471.003845,183.740433,-7.648140,507.826080,182.006805,-3.469536,398.160522,180.950470,2.998475,363.886658,180.125046,0.199309,137.130081,28.158827,3.276114,331.903625,178.935303,33.887867,250.975067,179.681732,14.968868,330.069489,179.391617,26.796040,291.236450,178.233383,16.282196,171.613159,177.485611,27.514339,210.760590,24.835199,-6.329304,133.959778
143,1.191667,291.433228,0.668752,137.063004,294.956055,-6.613995,506.974457,294.943420,15.397094,328.035187,35.220642,-9.531758,512.011536,182.198837,-5.422492,434.582092,183.108047,-5.721375,471.012726,183.739319,-7.673642,507.829254,182.001709,-3.494402,398.164093,180.940750,2.969952,363.882751,180.108917,0.167814,137.130112,28.150267,3.254933,331.906799,178.929138,33.866409,250.977432,179.660675,14.954933,330.071869,179.388901,26.774748,291.238373,178.229126,16.260071,171.612946,177.481705,27.487955,210.761703,24.811975,-6.382916,133.941559
144,1.200000,291.438171,0.680290,137.066864,294.965912,-6.598336,506.972656,294.945801,15.421299,328.034180,35.226624,-9.518602,512.011414,182.225403,-5.361435,434.586182,183.114990,-5.703150,471.010590,183.740234,-7.653588,507.826263,182.008636,-3.474831,398.161316,180.928864,3.004103,363.859711,180.117584,0.198435,137.135376,28.155703,3.267537,331.907959,178.935974,33.883205,250.976685,179.682114,14.964370,330.067505,179.394241,26.787901,291.238617,178.236694,16.282003,171.611237,177.486313,27.505934,210.764114,24.841518,-6.321049,133.952271
145,1.208333,291.431580,0.670003,137.065872,294.962769,-6.606593,506.973877,294.946106,15.407554,328.033051,35.218170,-9.532169,512.013184,182.192154,-5.416397,434.568573,183.104614,-5.716631,471.009460,183.735519,-7.676893,507.826752,182.004593,-3.481385,398.163239,180.944611,2.987358,363.878113,180.111923,0.181947,137.131393,28.149836,3.259575,331.904816,178.931610,33.870785,250.974625,179.677322,14.955357,330.068054,179.386414,26.776989,291.237366,178.233047,16.269236,171.609329,177.483475,27.494211,210.756119,24.818869,-6.360087,133.947495
146,1.216667,291.432953,0.669901,137.068253,294.964783,-6.583715,506.972321,294.944305,15.409471,328.035187,35.225735,-9.520310,512.013489,182.228165,-5.350489,434.581451,183.111679,-5.709452,471.010620,183.742691,-7.658676,507.829651,182.009338,-3.481342,398.160431,180.928864,2.995116,363.861664,180.125549,0.202774,137.132492,28.155209,3.267040,331.906647,178.937714,33.888073,250.974960,179.678284,14.965075,330.068756,179.392700,26.790552,291.237823,178.237778,16.277170,171.609741,177.485168,27.505054,210.761215,24.833014,-6.338362,133.950409
147,1.225000,291.432281,0.671790,137.067017,294.959137,-6.600665,506.974823,294.943390,15.409801,328.034637,35.216942,-9.528254,512.011719,182.226700,-5.361389,434.585876,183.111313,-5.704641,471.005188,183.732025,-7.675451,507.834686,182.006241,-3.478508,398.164032,180.942795,2.993421,363.878052,180.117508,0.183099,137.128311,28.152035,3.259781,331.906952,178.933182,33.879845,250.974899,179.657547,14.961128,330.069641,179.387894,26.778812,291.235962,178.233185,16.274651,171.612549,177.483627,27.501722,210.759125,24.823593,-6.350383,133.948792
148,1.233333,291.435211,0.675690,137.064407,294.962921,-6.599449,506.974945,294.949280,15.415547,328.036591,35.220844,-9.523555,512.009460,182.225998,-5.357184,434.581451,183.115433,-5.691500,471.005035,183.740631,-7.663363,507.824005,182.005371,-3.479316,398.160614,180.929398,2.993624,363.860504,180.121811,0.193020,137.129623,28.155008,3.264337,331.906250,178.936752,33.889862,250.975372,179.679626,14.967216,330.067078,179.391754,26.784292,291.239166,178.234741,16.278727,171.611984,177.483780,27.508032,210.757828,24.855440,-6.299961,133.971512
149,1.241667,291.433197,0.672527,137.064087,294.960144,-6.609785,506.980286,294.943817,15.410493,328.035278,35.218445,-9.524164,512.010071,182.201721,-5.411640,434.578888,183.108337,-5.700965,471.008850,183.737976,-7.654797,507.824829,182.003403,-3.479805,398.163361,180.946457,2.995002,363.881104,180.120743,0.196535,137.133530,28.153633,3.267682,331.906036,178.933685,33.884567,250.975159,179.678696,14.965439,330.067444,179.388199,26.785892,291.237366,178.232574,16.275448,171.610840,177.485092,27.506170,210.760437,24.817719,-6.362231,133.944611
150,1.250000,291.435059,0.664313,137.065170,294.962189,-6.608346,506.979095,294.947968,15.410233,328.038177,35.224010,-9.528201,512.011597,182.223251,-5.371453,434.585663,183.108765,-5.718147,471.012177,183.739868,-7.665444,507.832184,182.002136,-3.491204,398.162720,180.943756,2.974264,363.884460,180.114929,0.174767,137.127777,28.154718,3.262903,331.906281,178.932800,33.873955,250.976593,179.665207,14.964648,330.070648,179.387558,26.775799,291.236511,178.235596,16.274960,171.609497,177.484009,27.496475,210.760330,24.827320,-6.352426,133.950195
151,1.258333,291.432068,0.681741,137.068436,294.962799,-6.582942,506.971375,294.945770,15.424071,328.037903,35.222134,-9.514425,512.010437,182.204758,-5.403792,434.579559,183.112732,-5.695492,471.008606,183.740463,-7.652919,507.825684,182.002441,-3.474185,398.164398,180.928528,3.005599,363.859863,180.115067,0.193430,137.129761,28.154997,3.279122,331.906403,178.934143,33.891430,250.975464,179.662827,14.979947,330.066986,179.390900,26.794645,291.235962,178.239914,16.301193,171.613983,177.483810,27.509991,210.758911,24.852240,-6.291003,133.971695
152,1.266667,291.434845,0.670884,137.063293,294.961487,-6.607193,506.974945,294.946289,15.412929,328.034698,35.220119,-9.533673,512.013977,182.196259,-5.407082,434.570435,183.108826,-5.711891,471.010132,183.736969,-7.668654,507.827057,182.004868,-3.489407,398.164032,180.926178,2.996028,363.854248,180.114914,0.189013,137.131531,28.153170,3.262417,331.907990,178.931992,33.876915,250.975784,179.664398,14.967684,330.070068,179.388931,26.782896,291.236633,178.230911,16.270672,171.611938,177.484573,27.500141,210.757050,24.837450,-6.333757,133.958710
153,1.275000,291.435699,0.676868,137.062729,294.965118,-6.597313,506.972565,294.944763,15.415770,328.032043,35.221943,-9.519233,512.010315,182.224045,-5.360048,434.579346,183.112045,-5.697908,471.007904,183.737198,-7.662274,507.827271,182.005005,-3.475894,398.161102,180.947678,3.003708,363.873108,180.123703,0.204559,137.134338,28.153095,3.262714,331.909149,178.933395,33.879177,250.977661,179.663437,14.970691,330.070312,179.389999,26.785135,291.235840,178.242264,16.289972,171.613373,177.486206,27.515154,210.759155,24.842857,-6.321163,133.962540
154,1.283333,291.435120,0.666898,137.063965,294.957214,-6.601810,506.978333,294.942596,15.409436,328.036072,35.218292,-9.525450,512.013306,182.195129,-5.418884,434.571503,183.110962,-5.711227,471.009399,183.736557,-7.659343,507.830933,182.007431,-3.481525,398.162933,180.942245,2.978943,363.885468,180.114746,0.186938,137.130035,28.149433,3.255832,331.909698,178.930206,33.870586,250.978912,179.674881,14.957473,330.070496,179.386887,26.777069,291.235687,178.226791,16.263861,171.615463,177.481934,27.495363,210.759705,24.810646,-6.377501,133.943115
155,1.291667,291.433838,0.683299,137.065414,294.961578,-6.594775,506.972015,294.945221,15.430665,328.033447,35.222679,-9.514084,512.010864,182.230347,-5.349334,434.580872,183.113251,-5.685204,471.004730,183.740707,-7.651910,507.826019,182.007584,-3.468434,398.161835,180.936401,3.014217,363.856598,180.127121,0.216099,137.130753,28.157393,3.275418,331.905121,178.934906,33.889091,250.976120,179.684464,14.978100,330.066132,179.390411,26.795992,291.234283,178.241638,16.302011,171.612198,177.485336,27.509281,210.758820,24.819185,-6.359941,133.942795
156,1.300000,291.433136,0.663782,137.068497,294.961975,-6.618737,506.980255,294.943756,15.402807,328.040619,35.219345,-9.535254,512.016357,182.168335,-5.476962,434.568146,183.106033,-5.719091,471.011688,183.734863,-7.677373,507.834961,182.001373,-3.488883,398.168243,180.941925,2.986841,363.876984,180.106293,0.168223,137.129318,28.149954,3.257926,331.907623,178.929703,33.870922,250.979477,179.676392,14.960023,330.068939,179.387451,26.775972,291.237976,178.226837,16.260416,171.614563,177.481827,27.488415,210.759415,24.814659,-6.367510,133.946472
157,1.308333,291.434875,0.724266,137.093719,294.966339,-6.592414,506.971649,294.948822,15.419813,328.036804,35.226391,-9.515572,512.007874,182.230362,-5.336801,434.577240,183.115219,-5.691746,471.005768,183.746704,-7.647219,507.823456,182.008423,-3.464642,398.159393,180.950455,3.004866,363.882202,180.122955,0.204914,137.129807,28.158733,3.280522,331.903961,178.936111,33.885365,250.973129,179.665817,14.979007,330.066040,179.394867,26.806316,291.232330,178.244995,16.301773,171.611465,177.487503,27.514059,210.761017,24.842268,-6.319868,133.951675
158,1.316667,291.430542,0.658173,137.070648,294.952820,-6.608531,506.981842,294.939850,15.394740,328.037781,35.217381,-9.530315,512.012329,182.222046,-5.367947,434.583557,183.106216,-5.716133,471.008362,183.732895,-7.671756,507.830444,182.005142,-3.486488,398.165131,180.919373,2.972964,363.861267,180.112610,0.180015,137.132324,28.145817,3.255582,331.910400,178.929047,33.869034,250.978165,179.646881,14.919038,330.086395,179.388138,26.768492,291.237061,178.226364,16.254803,171.611374,177.481155,27.488430,210.759186,24.796036,-6.405303,133.935150
159,1.325000,291.435455,0.680082,137.062973,294.963074,-6.590938,506.972443,294.947632,15.422324,328.032104,35.221256,-9.515901,512.005127,182.227646,-5.350613,434.579468,183.115967,-5.698381,471.004028,183.742752,-7.652055,507.826080,182.007782,-3.470398,398.158661,180.935410,3.020377,363.847748,180.130692,0.215442,137.135849,28.156343,3.271105,331.905731,178.934601,33.887035,250.975937,179.675507,14.956278,330.075836,179.391174,26.793039,291.237488,178.235855,16.286829,171.606689,177.486115,27.517830,210.760300,24.833130,-6.338786,133.953308
160,1.333333,291.436981,0.677672,137.062729,294.958038,-6.611991,506.977692,294.941559,15.391538,328.040192,35.212273,-9.534565,512.011780,182.202606,-5.417675,434.583740,183.107208,-5.714169,471.004211,183.730743,-7.676400,507.832642,182.001236,-3.493349,398.162628,180.935913,2.983779,363.875854,180.112610,0.181913,137.131531,28.147856,3.255712,331.909180,178.930222,33.868702,250.980438,179.674652,14.951962,330.069244,179.388260,26.777895,291.240417,178.225327,16.266441,171.611679,177.481659,27.493635,210.758575,24.765627,-6.455267,133.916946
161,1.341667,291.434784,0.687587,137.062714,294.967621,-6.585769,506.970459,294.948578,15.425583,328.035309,35.219791,-9.513155,512.007446,182.228928,-5.349774,434.581940,183.112366,-5.693723,471.002899,183.737091,-7.657225,507.828247,182.006653,-3.462730,398.159607,180.932892,3.012336,363.856873,180.123703,0.209312,137.130646,28.156342,3.280058,331.904785,178.935425,33.898823,250.974716,179.681244,14.979609,330.064819,179.392334,26.797798,291.235504,178.238235,16.297003,171.607422,177.487106,27.513285,210.761703,24.854395,-6.296328,133.969131
162,1.350000,291.435577,0.664672,137.067902,294.957275,-6.614837,506.977722,294.941620,15.402219,328.038513,35.211506,-9.532901,512.009827,182.170975,-5.459199,434.562744,183.107758,-5.709799,471.009644,183.734329,-7.672115,507.831818,182.005737,-3.484860,398.162598,180.943863,2.996769,363.873810,180.123062,0.192051,137.130341,28.154938,3.263188,331.905914,178.933182,33.869900,250.973373,179.674957,14.955171,330.070770,179.386871,26.776516,291.237457,178.236694,16.273226,171.611740,177.485535,27.496063,210.759872,24.824404,-6.366780,133.951889
163,1.358333,291.433929,0.678140,137.068542,294.957764,-6.598236,506.975067,294.944855,15.409086,328.033722,35.219692,-9.519231,512.010193,182.226257,-5.346539,434.581177,183.110306,-5.702614,471.005646,183.739090,-7.660332,507.830566,182.002487,-3.474234,398.161743,180.927475,2.994194,363.856598,180.120926,0.192274,137.131287,28.154194,3.267912,331.906616,178.935516,33.885612,250.977310,179.679062,14.960634,330.068268,179.391144,26.788988,291.235382,178.234100,16.281063,171.612137,177.485352,27.502584,210.756500,24.852591,-6.300330,133.969330
