0,0.000000,317.895294,26.797134,-8.447829,486.393494,-6.525546,-297.071564,121.695129,-6.848198,0.144277,504.748657,-8.929208,-28.792957,105.882103,-10.062490,-271.671417,497.327148,-8.669525,-143.692032,296.876678,7.283318,-291.309692,312.357391,45.034798,-132.087708,387.757477,13.845630,-136.155380,353.025787,32.540405,-134.964294,423.194092,0.491688,-138.212982,458.705627,-4.751288,-140.381088,269.135834,53.978317,-128.565552,224.838776,49.635693,-125.117004,183.441803,38.334568,-122.138618,147.463791,17.121628,-119.706367,113.850288,-3.020766,-117.717712
1,0.010000,317.893829,26.793991,-8.442821,486.390381,-6.533122,-297.071533,121.697960,-6.845963,0.145729,504.749115,-8.937733,-28.790379,105.882912,-10.067180,-271.673920,497.327393,-8.667424,-143.690842,296.872192,7.267243,-291.309875,312.360626,45.030926,-132.082535,387.758911,13.833799,-136.152847,353.025726,32.533535,-134.959641,423.191864,0.481588,-138.210495,458.709076,-4.751558,-140.379791,269.139923,53.981007,-128.561356,224.843704,49.630936,-125.117462,183.440903,38.334751,-122.130501,147.464020,17.117727,-119.707970,113.848839,-3.024307,-117.717949
2,0.020000,317.895325,26.796408,-8.449058,486.391663,-6.517902,-297.071228,121.697266,-6.841682,0.146593,504.750977,-8.927835,-28.793436,105.884865,-10.052461,-271.672424,497.324799,-8.664982,-143.690613,296.875763,7.279813,-291.309143,312.356995,45.040325,-132.088455,387.758606,13.844337,-136.156006,353.027649,32.545010,-134.964233,423.190186,0.483566,-138.212769,458.703766,-4.745686,-140.382111,269.132904,53.974236,-128.564636,224.837997,49.630451,-125.118507,183.436188,38.336094,-122.138260,147.463638,17.118271,-119.711914,113.852333,-3.006283,-117.717041
3,0.030000,317.893677,26.792742,-8.444958,486.393188,-6.529069,-297.071289,121.695297,-6.851417,0.147959,504.749908,-8.938594,-28.792278,105.881142,-10.068300,-271.674561,497.328552,-8.670074,-143.688889,296.874634,7.267715,-291.310333,312.360992,45.039005,-132.086441,387.757172,13.838256,-136.153259,353.027130,32.536690,-134.959335,423.192688,0.477038,-138.211929,458.705078,-4.760508,-140.378632,269.130951,53.969067,-128.562149,224.836395,49.611191,-125.114082,183.438400,38.328739,-122.137207,147.454224,17.099270,-119.706902,113.849930,-3.022174,-117.718185
4,0.040000,317.897034,26.801252,-8.448184,486.393372,-6.522906,-297.070282,121.701950,-6.835650,0.146304,504.750061,-8.930292,-28.792032,105.886505,-10.062085,-271.674133,497.325867,-8.660183,-143.690002,296.877411,7.287262,-291.311005,312.357269,45.039333,-132.086426,387.759125,13.843448,-136.155167,353.024017,32.544651,-134.964920,423.193390,0.490861,-138.213440,458.706848,-4.748702,-140.381958,269.137939,53.980133,-128.565384,224.838776,49.625694,-125.116646,183.441605,38.344257,-122.139206,147.459061,17.115875,-119.708328,113.852280,-3.011785,-117.717781
5,0.050000,317.895325,26.797686,-8.446530,486.392151,-6.523479,-297.070312,121.697929,-6.847209,0.148164,504.748596,-8.935246,-28.792910,105.885971,-10.064219,-271.673004,497.325287,-8.663086,-143.690094,296.878510,7.276706,-291.307159,312.357025,45.030937,-132.082993,387.758484,13.842520,-136.152283,353.023438,32.543011,-134.961731,423.195038,0.483943,-138.212738,458.707794,-4.750041,-140.381729,269.139038,53.980171,-128.562378,224.841919,49.630840,-125.113876,183.440765,38.344707,-122.136307,147.457779,17.108711,-119.709618,113.848000,-3.025233,-117.717155
6,0.060000,317.898712,26.800407,-8.445283,486.393188,-6.514602,-297.067108,121.700912,-6.841628,0.149111,504.749542,-8.932280,-28.795809,105.887566,-10.060613,-271.672699,497.351990,-8.792720,-143.657669,296.877716,7.279466,-291.307861,312.360962,45.042088,-132.085037,387.761658,13.850286,-136.152420,353.026672,32.549625,-134.959015,423.195129,0.482150,-138.211716,458.707855,-4.749710,-140.381592,269.132446,53.968304,-128.564590,224.843414,49.633347,-125.115784,183.439651,38.335148,-122.137367,147.463730,17.116203,-119.708824,113.856316,-3.007282,-117.716522
7,0.070000,317.892670,26.792698,-8.445457,486.392273,-6.515144,-297.067139,121.697220,-6.846513,0.148803,504.749847,-8.934879,-28.790684,105.888977,-10.054294,-271.669830,497.316833,-8.702188,-143.661942,296.877655,7.279906,-291.305817,312.359711,45.037254,-132.083511,387.757599,13.839427,-136.152359,353.023834,32.544746,-134.960831,423.195374,0.489880,-138.210785,458.705017,-4.751626,-140.376007,269.136536,53.977444,-128.559814,224.841492,49.631516,-125.113396,183.440201,38.343014,-122.134148,147.460052,17.108862,-119.708031,113.852142,-3.014349,-117.716049
8,0.080000,317.895203,26.801233,-8.445750,486.394623,-6.513792,-297.067383,121.696602,-6.844507,0.147458,504.750061,-8.934329,-28.790834,105.886169,-10.061255,-271.674408,497.324768,-8.668023,-143.678452,296.876770,7.276678,-291.309326,312.359344,45.038254,-132.086288,387.759491,13.844364,-136.153473,353.025970,32.543613,-134.961716,423.198517,0.486814,-138.211136,458.705933,-4.751099,-140.377853,269.136261,53.976589,-128.564072,224.838104,49.624065,-125.118729,183.446121,38.347637,-122.133217,147.458771,17.107384,-119.710152,113.854256,-3.012579,-117.716454
9,0.090000,317.893555,26.800077,-8.447050,486.395599,-6.519541,-297.066956,121.696587,-6.846948,0.146396,504.748535,-8.932861,-28.792635,105.890182,-10.064760,-271.674377,497.329163,-8.658194,-143.692032,296.877655,7.282495,-291.309082,312.360260,45.042866,-132.084320,387.758301,13.847995,-136.150925,353.030212,32.549683,-134.957291,423.194427,0.482872,-138.211288,458.707581,-4.742416,-140.381149,269.137573,53.978127,-128.562347,224.844711,49.631763,-125.117455,183.442184,38.341164,-122.136848,147.465469,17.119274,-119.710960,113.853828,-3.014889,-117.717651
10,0.100000,317.898102,26.804104,-8.447195,486.393860,-6.521372,-297.066742,121.699432,-6.835174,0.146965,504.747986,-8.928665,-28.791624,105.887375,-10.068441,-271.676300,497.329010,-8.653199,-143.693604,296.877960,7.286891,-291.310425,312.359344,45.036404,-132.084351,387.756195,13.844085,-136.154037,353.026489,32.551567,-134.961136,423.193176,0.494597,-138.208618,458.708160,-4.742325,-140.380615,269.139374,53.980869,-128.562698,224.844208,49.646343,-125.115768,183.441315,38.343193,-122.137650,147.465256,17.118176,-119.710396,113.858124,-3.005222,-117.717827
11,0.110000,317.894043,26.796843,-8.447817,486.393402,-6.521636,-297.068085,121.700584,-6.839074,0.146633,504.750061,-8.938139,-28.791424,105.887497,-10.064237,-271.675751,497.325439,-8.653110,-143.691010,296.875580,7.279197,-291.311768,312.357788,45.035309,-132.083359,387.756622,13.835410,-136.152969,353.023987,32.543018,-134.959579,423.195435,0.485684,-138.210709,458.706543,-4.746490,-140.380066,269.144043,53.981182,-128.565353,224.839508,49.631172,-125.113251,183.439575,38.337685,-122.138100,147.464157,17.118626,-119.714096,113.852493,-3.013437,-117.719017
12,0.120000,317.896179,26.798756,-8.444593,486.391235,-6.519562,-297.066956,121.701370,-6.837808,0.148242,504.750671,-8.934643,-28.792772,105.890030,-10.056622,-271.668945,497.325684,-8.651755,-143.687057,296.877960,7.285337,-291.307373,312.358917,45.036774,-132.083038,387.758881,13.838709,-136.152405,353.026764,32.548378,-134.960190,423.194305,0.489177,-138.209717,458.707123,-4.746923,-140.378296,269.136658,53.972599,-128.562302,224.841675,49.638783,-125.113235,183.439545,38.337143,-122.133865,147.463501,17.113064,-119.708351,113.854836,-3.008833,-117.716728
13,0.130000,317.897095,26.795208,-8.446535,486.390656,-6.519928,-297.068359,121.699379,-6.842492,0.145660,504.749603,-8.930778,-28.794834,105.885292,-10.059688,-271.670197,497.326996,-8.660482,-143.689606,296.875580,7.275391,-291.310974,312.359283,45.038853,-132.085953,387.758453,13.840281,-136.150375,353.025116,32.545097,-134.963013,423.194550,0.485998,-138.211975,458.706543,-4.747126,-140.379089,269.132629,53.974945,-128.563736,224.840179,49.631229,-125.114052,183.440598,38.333694,-122.135941,147.461456,17.112188,-119.705727,113.857140,-3.007734,-117.717453
14,0.140000,317.897369,26.801107,-8.445458,486.393341,-6.523150,-297.068481,121.700317,-6.838969,0.146592,504.749664,-8.930389,-28.791727,105.888062,-10.063677,-271.673767,497.329987,-8.659364,-143.689697,296.877563,7.279469,-291.307495,312.359772,45.035526,-132.081985,387.756531,13.835374,-136.151840,353.027496,32.546345,-134.957870,423.193634,0.492111,-138.210251,458.709412,-4.747522,-140.378815,269.136536,53.975788,-128.561096,224.839767,49.631176,-125.112831,183.444931,38.337898,-122.138687,147.463593,17.118521,-119.711517,113.855385,-3.013939,-117.715050
15,0.150000,317.896515,26.801071,-8.447171,486.391541,-6.516924,-297.069427,121.699028,-6.835982,0.145986,504.748474,-8.934851,-28.792850,105.884682,-10.060297,-271.672577,497.324493,-8.657233,-143.690414,296.877502,7.279964,-291.313049,312.358459,45.040012,-132.084320,387.757019,13.849601,-136.153885,353.026184,32.544727,-134.960571,423.193298,0.491529,-138.213272,458.704987,-4.746386,-140.378632,269.134430,53.976440,-128.564178,224.837570,49.631153,-125.116570,183.440689,38.345802,-122.136093,147.459778,17.109697,-119.710762,113.856758,-3.008472,-117.716049
16,0.160000,317.896637,26.798216,-8.444808,486.393890,-6.526196,-297.070953,121.700790,-6.845857,0.147102,504.747498,-8.938635,-28.790337,105.887070,-10.066823,-271.670868,497.329895,-8.663246,-143.690430,296.877319,7.273565,-291.309814,312.358917,45.031258,-132.085358,387.758179,13.839109,-136.151306,353.026855,32.541943,-134.961166,423.194061,0.485860,-138.212036,458.709473,-4.754204,-140.376221,269.139801,53.974777,-128.562546,224.842697,49.632633,-125.113564,183.438736,38.333645,-122.133972,147.460861,17.116005,-119.709488,113.857025,-3.013099,-117.718529
17,0.170000,317.896149,26.805088,-8.448374,486.392883,-6.521762,-297.069122,121.701019,-6.835397,0.146521,504.750183,-8.928425,-28.789557,105.888458,-10.059654,-271.674744,497.353729,-8.784152,-143.658218,296.876648,7.281702,-291.310150,312.361298,45.044468,-132.086151,387.756531,13.848689,-136.155350,353.024780,32.547047,-134.961197,423.192596,0.490383,-138.212219,458.705780,-4.743723,-140.381149,269.136292,53.982826,-128.561676,224.842194,49.639442,-125.117065,183.446686,38.354122,-122.132706,147.465424,17.128334,-119.711060,113.858475,-3.008408,-117.717957
18,0.180000,317.897614,26.800278,-8.445646,486.391968,-6.521434,-297.068481,121.698708,-6.845370,0.149891,504.749603,-8.936446,-28.790752,105.886253,-10.067721,-271.674683,497.317291,-8.704442,-143.662933,296.876434,7.277647,-291.306488,312.360626,45.035263,-132.083878,387.758575,13.842363,-136.151764,353.025177,32.541561,-134.959824,423.195312,0.483369,-138.210526,458.708588,-4.746658,-140.379333,269.134277,53.971817,-128.560791,224.843826,49.636799,-125.110802,183.444733,38.343075,-122.135979,147.463730,17.109409,-119.711372,113.853455,-3.012135,-117.716309
19,0.190000,317.895813,26.806736,-8.448449,486.393585,-6.515899,-297.069611,121.697212,-6.841848,0.147291,504.749664,-8.925781,-28.794024,105.885765,-10.052454,-271.672333,497.322388,-8.661763,-143.680313,296.875092,7.277980,-291.311096,312.355988,45.045269,-132.089233,387.757751,13.845447,-136.155289,353.025543,32.547440,-134.962891,423.194397,0.499026,-138.212173,458.704437,-4.742195,-140.377792,269.129669,53.976768,-128.563614,224.841110,49.633919,-125.116318,183.439926,38.336456,-122.138237,147.458069,17.117746,-119.706070,113.852753,-3.012148,-117.714401
20,0.200000,317.893555,26.793188,-8.444247,486.392609,-6.526124,-297.068817,121.699768,-6.847943,0.150217,504.751160,-8.934591,-28.791491,105.883469,-10.066651,-271.672150,497.326691,-8.661264,-143.690796,296.877441,7.278806,-291.306274,312.358215,45.032776,-132.083496,387.756042,13.835967,-136.153229,353.027252,32.543972,-134.960159,423.195587,0.479225,-138.211334,458.705231,-4.756328,-140.377258,269.134918,53.973011,-128.560272,224.837067,49.618538,-125.111176,183.442291,38.336208,-122.135956,147.457657,17.100727,-119.706322,113.852501,-3.017269,-117.715248
21,0.210000,317.894196,26.794294,-8.448978,486.392914,-6.519743,-297.067444,121.700005,-6.829932,0.149058,504.750671,-8.930484,-28.793039,105.887451,-10.058768,-271.672211,497.329407,-8.651753,-143.694992,296.874542,7.282320,-291.309967,312.358185,45.037720,-132.084030,387.757782,13.852438,-136.155655,353.026031,32.546509,-134.962463,423.194092,0.493065,-138.212463,458.706299,-4.743154,-140.382324,269.130432,53.972797,-128.563644,224.839096,49.629524,-125.115570,183.441269,38.338200,-122.134315,147.459351,17.112772,-119.708748,113.852554,-3.008367,-117.717743
22,0.220000,317.895416,26.795258,-8.444425,486.393890,-6.524943,-297.068268,121.699577,-6.840479,0.149084,504.748688,-8.933631,-28.791718,105.885628,-10.065475,-271.672424,497.330627,-8.657538,-143.691818,296.877106,7.270090,-291.309082,312.361450,45.038830,-132.083115,387.758575,13.846187,-136.153000,353.026154,32.544487,-134.961487,423.196259,0.482130,-138.210846,458.709747,-4.741363,-140.380737,269.136200,53.973305,-128.559662,224.841293,49.630978,-125.111458,183.441925,38.332115,-122.136421,147.465561,17.115784,-119.706375,113.855156,-3.013767,-117.718590
23,0.230000,317.896698,26.805273,-8.448007,486.394318,-6.523268,-297.066467,121.700920,-6.837216,0.147008,504.751740,-8.928076,-28.791597,105.882545,-10.069573,-271.675934,497.327545,-8.657504,-143.690353,296.875641,7.281343,-291.310394,312.358276,45.037968,-132.087402,387.760010,13.839859,-136.153168,353.028351,32.550102,-134.962646,423.193756,0.489374,-138.210770,458.708099,-4.747820,-140.381622,269.136414,53.981449,-128.565765,224.834641,49.625595,-125.117569,183.436844,38.330738,-122.140770,147.462585,17.114233,-119.710434,113.851784,-3.017508,-117.718216
24,0.240000,317.897003,26.797022,-8.444492,486.394287,-6.525901,-297.068726,121.698921,-6.842057,0.147551,504.750427,-8.929692,-28.790283,105.885651,-10.072715,-271.675537,497.327911,-8.660537,-143.689224,296.874939,7.276198,-291.307739,312.360626,45.040108,-132.082077,387.759033,13.838088,-136.151611,353.024170,32.542519,-134.961136,423.193146,0.489651,-138.208817,458.708008,-4.746153,-140.378220,269.142029,53.982300,-128.562607,224.839294,49.631035,-125.110817,183.440338,38.336494,-122.136566,147.464828,17.117786,-119.708153,113.851601,-3.018267,-117.717339
25,0.250000,317.894501,26.795309,-8.448483,486.393921,-6.519409,-297.069061,121.697266,-6.843706,0.149028,504.749298,-8.927187,-28.794050,105.882301,-10.069078,-271.675934,497.327148,-8.660445,-143.689713,296.874725,7.273189,-291.308044,312.359680,45.034813,-132.085266,387.756470,13.841688,-136.153091,353.026031,32.547180,-134.959930,423.192749,0.488458,-138.211105,458.709351,-4.749165,-140.378876,269.133759,53.973545,-128.563080,224.838577,49.625889,-125.118004,183.440704,38.344814,-122.137093,147.455368,17.102516,-119.712425,113.851997,-3.014653,-117.716209
26,0.260000,317.894440,26.798988,-8.444775,486.394196,-6.527593,-297.070862,121.699631,-6.836078,0.149430,504.749542,-8.930967,-28.792154,105.885979,-10.063259,-271.673645,497.324860,-8.663286,-143.688400,296.875671,7.275845,-291.312744,312.360291,45.035210,-132.085037,387.759979,13.838185,-136.151230,353.023346,32.545536,-134.960373,423.191345,0.484960,-138.210495,458.709106,-4.749742,-140.378601,269.141113,53.982944,-128.562103,224.846146,49.644878,-125.113022,183.438263,38.340328,-122.136078,147.459167,17.107321,-119.710190,113.852867,-3.013756,-117.717369
27,0.270000,317.894012,26.799967,-8.446945,486.391602,-6.521053,-297.068024,121.697014,-6.845917,0.147177,504.749176,-8.927418,-28.791519,105.887390,-10.064184,-271.672607,497.325867,-8.661427,-143.687561,296.876587,7.282721,-291.307770,312.360840,45.038300,-132.087433,387.757294,13.849267,-136.153137,353.024841,32.538097,-134.960724,423.194855,0.492597,-138.211456,458.707428,-4.745727,-140.381805,269.138153,53.982067,-128.561340,224.835983,49.626148,-125.118378,183.443527,38.340633,-122.134048,147.463608,17.116533,-119.710526,113.853996,-3.013421,-117.716553
28,0.280000,317.894226,26.795416,-8.443419,486.394440,-6.522326,-297.070038,121.699425,-6.846741,0.145521,504.749481,-8.931222,-28.793509,105.883705,-10.063959,-271.674042,497.326202,-8.661875,-143.688690,296.876801,7.272088,-291.307037,312.359222,45.035435,-132.085510,387.759735,13.843968,-136.153122,353.025604,32.542908,-134.959579,423.194489,0.490620,-138.211243,458.707550,-4.746965,-140.381805,269.133301,53.972687,-128.560471,224.843613,49.623760,-125.113518,183.442581,38.337212,-122.139183,147.461716,17.111046,-119.708664,113.853989,-3.008342,-117.717072
29,0.290000,317.894775,26.798494,-8.446694,486.393402,-6.521378,-297.071136,121.698219,-6.842226,0.146633,504.749664,-8.929870,-28.794582,105.884354,-10.067468,-271.674316,497.325073,-8.660645,-143.688126,296.878540,7.277705,-291.308960,312.359100,45.029564,-132.085159,387.756042,13.831854,-136.152649,353.026306,32.546959,-134.961121,423.192139,0.481410,-138.212708,458.705261,-4.751687,-140.379929,269.135956,53.970665,-128.562332,224.843475,49.632988,-125.115379,183.446930,38.347881,-122.140457,147.460007,17.112679,-119.708900,113.854706,-3.008745,-117.716629
30,0.300000,317.893951,26.792727,-8.445746,486.393158,-6.519185,-297.070648,121.698311,-6.845825,0.148122,504.748871,-8.930245,-28.792692,105.884491,-10.062984,-271.675018,497.353119,-8.791561,-143.656586,296.876068,7.272305,-291.309143,312.359314,45.037933,-132.086487,387.758057,13.844642,-136.153168,353.025269,32.542412,-134.961929,423.196472,0.482265,-138.212448,458.704529,-4.748723,-140.380371,269.137726,53.979866,-128.563553,224.843277,49.633392,-125.117989,183.448166,38.347778,-122.142166,147.463058,17.119724,-119.707047,113.849785,-3.021027,-117.719421
31,0.310000,317.896240,26.794220,-8.443489,486.393372,-6.521979,-297.070953,121.699715,-6.837742,0.149989,504.750305,-8.932467,-28.792294,105.883797,-10.065938,-271.672485,497.315216,-8.703776,-143.659775,296.876434,7.272957,-291.307251,312.358612,45.039665,-132.083191,387.758148,13.842958,-136.150864,353.027740,32.543777,-134.959732,423.195435,0.487329,-138.210983,458.707123,-4.751244,-140.376740,269.130249,53.971138,-128.563034,224.841934,49.626640,-125.115517,183.437958,38.335327,-122.137863,147.456833,17.102196,-119.708397,113.852509,-3.019638,-117.715828
32,0.320000,317.897369,26.805248,-8.444386,486.392639,-6.518827,-297.069305,121.699509,-6.838532,0.147532,504.750427,-8.931224,-28.793430,105.886108,-10.061976,-271.672150,497.321533,-8.670409,-143.679611,296.877106,7.289348,-291.308563,312.358032,45.034309,-132.086853,387.758453,13.832458,-136.151123,353.022064,32.551640,-134.962296,423.194122,0.489534,-138.211288,458.707794,-4.747018,-140.376450,269.137329,53.980137,-128.563934,224.838364,49.626457,-125.116142,183.441681,38.339401,-122.134048,147.463577,17.113197,-119.711662,113.854691,-3.009660,-117.716759
33,0.330000,317.894379,26.798050,-8.446110,486.393127,-6.520987,-297.066986,121.699181,-6.843845,0.150119,504.751862,-8.934232,-28.792503,105.883842,-10.067685,-271.673553,497.330261,-8.657139,-143.692352,296.876801,7.280908,-291.309204,312.361328,45.039459,-132.085297,387.758759,13.842041,-136.151688,353.025238,32.545006,-134.957352,423.195465,0.484588,-138.210617,458.708038,-4.747185,-140.378265,269.137878,53.976151,-128.560928,224.834854,49.629688,-125.115318,183.438522,38.330933,-122.136269,147.462830,17.110725,-119.711777,113.851585,-3.015174,-117.717896
34,0.340000,317.894745,26.796783,-8.446034,486.394043,-6.514445,-297.067535,121.696121,-6.850296,0.146367,504.750549,-8.932061,-28.791693,105.887695,-10.060854,-271.672668,497.329559,-8.647534,-143.695953,296.876617,7.282385,-291.308960,312.361328,45.038616,-132.086884,387.757172,13.841904,-136.152222,353.024139,32.544788,-134.962784,423.194824,0.485749,-138.212952,458.707764,-4.748501,-140.377869,269.135620,53.978321,-128.567871,224.835678,49.622974,-125.118408,183.441589,38.338779,-122.137733,147.461395,17.115442,-119.710159,113.853714,-3.012487,-117.717415
35,0.350000,317.895142,26.792040,-8.443410,486.393890,-6.524475,-297.069489,121.698738,-6.843708,0.149123,504.751495,-8.937458,-28.789972,105.885414,-10.061055,-271.671478,497.330505,-8.649917,-143.690964,296.876526,7.275415,-291.309204,312.360626,45.037430,-132.083771,387.759827,13.838761,-136.150421,353.025726,32.538868,-134.960236,423.194580,0.480426,-138.211151,458.707428,-4.745861,-140.376877,269.137482,53.972473,-128.562256,224.840927,49.628139,-125.115929,183.444138,38.337654,-122.137512,147.465042,17.113840,-119.711052,113.851601,-3.017507,-117.716560
36,0.360000,317.894348,26.803940,-8.446271,486.390106,-6.518045,-297.068207,121.698982,-6.838802,0.147479,504.751038,-8.925850,-28.792309,105.884895,-10.059446,-271.672272,497.326630,-8.653303,-143.688843,296.876465,7.282453,-291.308441,312.356293,45.038761,-132.086639,387.760040,13.852305,-136.152649,353.026398,32.551510,-134.960037,423.192169,0.494723,-138.212784,458.706390,-4.747926,-140.379425,269.133667,53.977371,-128.562561,224.839584,49.632931,-125.119209,183.444153,38.354233,-122.135323,147.458542,17.111553,-119.711479,113.855156,-3.007584,-117.716125
37,0.370000,317.895538,26.794666,-8.442672,486.397095,-6.530631,-297.070160,121.699158,-6.848545,0.149598,504.750671,-8.930408,-28.791073,105.884132,-10.073111,-271.671844,497.328278,-8.663828,-143.687134,296.876495,7.277502,-291.307343,312.361237,45.034431,-132.082397,387.762726,13.845898,-136.151428,353.026550,32.540619,-134.958908,423.193634,0.483280,-138.211456,458.708740,-4.753299,-140.376068,269.134216,53.975536,-128.560699,224.845566,49.630966,-125.110123,183.442673,38.340923,-122.137856,147.463272,17.112839,-119.708557,113.849144,-3.022951,-117.715981
38,0.380000,317.895721,26.802059,-8.445790,486.391510,-6.512435,-297.068909,121.696983,-6.841597,0.147688,504.746185,-8.929498,-28.793646,105.884125,-10.059381,-271.674835,497.323517,-8.658283,-143.690048,296.874725,7.287119,-291.309601,312.354309,45.033840,-132.086914,387.758148,13.848552,-136.155182,353.025665,32.553997,-134.961670,423.194153,0.491172,-138.212616,458.707611,-4.744886,-140.379654,269.132019,53.977692,-128.563309,224.838364,49.632458,-125.119385,183.441086,38.339851,-122.134949,147.457932,17.112942,-119.710327,113.855446,-3.006389,-117.716537
39,0.390000,317.894135,26.787685,-8.442878,486.391541,-6.524162,-297.068146,121.698090,-6.847708,0.148913,504.748657,-8.936640,-28.791098,105.885963,-10.071030,-271.672516,497.327881,-8.660681,-143.688644,296.876648,7.275212,-291.305634,312.358612,45.026066,-132.083069,387.759125,13.836595,-136.151352,353.028290,32.542782,-134.960526,423.194916,0.483887,-138.211853,458.708557,-4.752089,-140.378616,269.141083,53.981556,-128.559143,224.837860,49.624756,-125.110802,183.440475,38.336098,-122.132439,147.462296,17.104837,-119.710075,113.849274,-3.024774,-117.716187
40,0.400000,317.891602,26.798767,-8.446062,486.392303,-6.513324,-297.069366,121.698929,-6.835376,0.146853,504.749359,-8.928217,-28.793455,105.886620,-10.057892,-271.670959,497.328186,-8.650925,-143.688980,296.875793,7.280643,-291.308594,312.358185,45.040405,-132.085846,387.756042,13.845548,-136.154709,353.024170,32.553062,-134.964661,423.191895,0.499715,-138.211639,458.707153,-4.746245,-140.379944,269.137848,53.982471,-128.566086,224.834015,49.625393,-125.115189,183.441177,38.345043,-122.138863,147.463608,17.118525,-119.708946,113.854385,-3.002907,-117.717072
41,0.410000,317.894531,26.794289,-8.443770,486.394806,-6.529530,-297.071655,121.700920,-6.841642,0.148303,504.752289,-8.933166,-28.794182,105.883713,-10.068098,-271.671967,497.332092,-8.657624,-143.690369,296.876770,7.276876,-291.309937,312.359619,45.028721,-132.084427,387.759155,13.838734,-136.150833,353.028351,32.546322,-134.961121,423.192688,0.487057,-138.209976,458.709686,-4.749586,-140.378067,269.137695,53.973759,-128.559982,224.838211,49.621975,-125.112175,183.438644,38.336105,-122.134796,147.461258,17.105347,-119.708855,113.853706,-3.012979,-117.715675
42,0.420000,317.898743,26.804327,-8.447855,486.392395,-6.521964,-297.070648,121.695992,-6.839215,0.147334,504.750305,-8.924541,-28.793724,105.885948,-10.055662,-271.673859,497.327362,-8.657833,-143.690613,296.876984,7.285285,-291.308868,312.359253,45.041931,-132.086838,387.760712,13.847252,-136.152039,353.024628,32.554684,-134.963547,423.194275,0.493208,-138.213242,458.706696,-4.747036,-140.380371,269.137939,53.982975,-128.564377,224.831833,49.624668,-125.116928,183.436172,38.326855,-122.136147,147.461395,17.117146,-119.709251,113.849991,-3.012799,-117.717316
43,0.430000,317.895538,26.793968,-8.445807,486.393829,-6.524942,-297.069336,121.697807,-6.853148,0.149601,504.749237,-8.931396,-28.790709,105.883347,-10.059083,-271.670929,497.327789,-8.662800,-143.689850,296.876709,7.272911,-291.307129,312.359863,45.038513,-132.084183,387.758667,13.841847,-136.150696,353.029694,32.541946,-134.959244,423.195465,0.478862,-138.210419,458.707825,-4.751469,-140.377014,269.134705,53.973213,-128.559769,224.841599,49.630260,-125.112595,183.439301,38.329044,-122.135498,147.457031,17.102859,-119.707169,113.848572,-3.023579,-117.717331
44,0.440000,317.896027,26.802685,-8.445410,486.393250,-6.520756,-297.069122,121.700531,-6.829621,0.148173,504.750122,-8.928910,-28.793581,105.888863,-10.056551,-271.669952,497.325836,-8.655987,-143.690567,296.874634,7.285397,-291.310730,312.356873,45.037506,-132.082428,387.758636,13.839631,-136.153305,353.023315,32.553139,-134.965439,423.189301,0.487529,-138.211182,458.705536,-4.740371,-140.380417,269.136993,53.980007,-128.564285,224.842773,49.640980,-125.120415,183.439560,38.337345,-122.141388,147.460388,17.110123,-119.710739,113.853615,-3.007708,-117.716545
45,0.450000,317.896149,26.788567,-8.443230,486.394592,-6.524016,-297.067871,121.698624,-6.850809,0.149101,504.749725,-8.935870,-28.791401,105.882828,-10.067047,-271.673218,497.329041,-8.668746,-143.686234,296.877106,7.276487,-291.306183,312.358948,45.032036,-132.081726,387.759430,13.847094,-136.149506,353.026978,32.541260,-134.959564,423.194244,0.482389,-138.210831,458.707184,-4.757353,-140.376694,269.136993,53.978096,-128.558868,224.842072,49.627308,-125.111252,183.445541,38.341084,-122.139221,147.461258,17.111462,-119.707787,113.851311,-3.019710,-117.718338
46,0.460000,317.892761,26.802816,-8.445522,486.391968,-6.522288,-297.068909,121.698853,-6.839123,0.150705,504.747803,-8.923943,-28.792061,105.884941,-10.061784,-271.672760,497.323914,-8.664354,-143.686920,296.877258,7.284440,-291.308990,312.357025,45.042004,-132.086792,387.758545,13.850917,-136.152573,353.028442,32.548084,-134.960739,423.192993,0.491166,-138.212372,458.703766,-4.748446,-140.377930,269.128784,53.971897,-128.561096,224.839142,49.635983,-125.114006,183.439758,38.339931,-122.139160,147.462524,17.118519,-119.707466,113.848778,-3.020457,-117.720490
47,0.470000,317.894836,26.795942,-8.446265,486.392914,-6.531322,-297.069092,121.695732,-6.847519,0.149109,504.751221,-8.931702,-28.792200,105.887383,-10.061520,-271.671692,497.329468,-8.661263,-143.688812,296.877289,7.278818,-291.307312,312.358032,45.031876,-132.083069,387.758820,13.834011,-136.153183,353.027649,32.543053,-134.960815,423.193604,0.485026,-138.210480,458.709839,-4.755282,-140.377441,269.133789,53.971619,-128.560730,224.840591,49.625454,-125.114288,183.443420,38.332897,-122.131660,147.457443,17.100779,-119.710754,113.854279,-3.016267,-117.718857
48,0.480000,317.895935,26.804312,-8.446323,486.392883,-6.523140,-297.069427,121.698540,-6.839570,0.146271,504.748993,-8.924816,-28.792233,105.891273,-10.051762,-271.670532,497.329529,-8.653955,-143.690140,296.876038,7.280168,-291.307587,312.358521,45.040745,-132.083069,387.757843,13.847237,-136.153229,353.026642,32.547394,-134.962357,423.192993,0.493623,-138.212112,458.706787,-4.747293,-140.378372,269.136627,53.981384,-128.563950,224.838165,49.634090,-125.115219,183.442459,38.335751,-122.140068,147.460754,17.113886,-119.709114,113.851425,-3.011686,-117.717934
49,0.490000,317.894714,26.799805,-8.443203,486.393860,-6.524606,-297.071259,121.698837,-6.842849,0.146802,504.749481,-8.932896,-28.792011,105.884895,-10.065004,-271.672943,497.329407,-8.658606,-143.688248,296.876282,7.274980,-291.308990,312.359161,45.038055,-132.083130,387.761139,13.839877,-136.152008,353.028809,32.546692,-134.961258,423.195831,0.484570,-138.212387,458.708618,-4.748137,-140.379318,269.139130,53.977459,-128.561752,224.840454,49.627327,-125.112656,183.441696,38.328590,-122.135094,147.460083,17.108814,-119.711777,113.851494,-3.015747,-117.714767
50,0.500000,317.895081,26.804609,-8.444383,486.392700,-6.523333,-297.070465,121.697739,-6.837286,0.146764,504.749603,-8.926024,-28.793091,105.885353,-10.065874,-271.672394,497.326477,-8.658385,-143.688736,296.876678,7.281633,-291.310120,312.357483,45.032650,-132.085815,387.760223,13.843035,-136.153610,353.024750,32.549747,-134.961243,423.193573,0.491090,-138.209564,458.705750,-4.747800,-140.379959,269.132111,53.971378,-128.562302,224.835388,49.626167,-125.115471,183.439072,38.337673,-122.139374,147.462234,17.117661,-119.710564,113.850143,-3.016211,-117.714409
51,0.510000,317.895172,26.797251,-8.446729,486.393677,-6.522460,-297.071136,121.698463,-6.843950,0.148351,504.750427,-8.930114,-28.792191,105.883087,-10.064485,-271.671722,497.329010,-8.663469,-143.688141,296.876770,7.273509,-291.307068,312.358063,45.035904,-132.085693,387.759399,13.845431,-136.153900,353.027039,32.539822,-134.959900,423.194794,0.480422,-138.211304,458.706146,-4.751552,-140.378479,269.135925,53.974693,-128.561569,224.841232,49.631474,-125.114677,183.443817,38.339443,-122.138145,147.457199,17.105650,-119.710464,113.847855,-3.020688,-117.714981
52,0.520000,317.897217,26.808065,-8.445187,486.393768,-6.516942,-297.068909,121.699799,-6.841341,0.146868,504.751556,-8.929188,-28.789701,105.884499,-10.064299,-271.671021,497.326263,-8.663615,-143.688980,296.877716,7.278504,-291.306152,312.360413,45.045948,-132.086121,387.759399,13.842412,-136.152542,353.027435,32.543518,-134.960129,423.196655,0.485555,-138.212357,458.708130,-4.749146,-140.379440,269.139008,53.980705,-128.560867,224.845688,49.640205,-125.116539,183.441269,38.343998,-122.134605,147.461777,17.114979,-119.707306,113.854118,-3.008276,-117.715630
53,0.530000,317.894714,26.795477,-8.446041,486.393982,-6.526613,-297.071503,121.697746,-6.847194,0.143943,504.750061,-8.927187,-28.792221,105.884056,-10.056477,-271.671783,497.328156,-8.660369,-143.690414,296.875153,7.276001,-291.310242,312.359283,45.038078,-132.088760,387.758270,13.845172,-136.152161,353.026245,32.541599,-134.963348,423.196686,0.488404,-138.212387,458.705383,-4.751845,-140.382614,269.137390,53.979477,-128.566833,224.842331,49.631802,-125.116928,183.439941,38.337460,-122.138275,147.462433,17.114988,-119.708092,113.852470,-3.016967,-117.717445
54,0.540000,317.894989,26.805370,-8.443785,486.392395,-6.523386,-297.070282,121.699120,-6.836299,0.147949,504.753174,-8.930126,-28.791639,105.889412,-10.052252,-271.670013,497.327667,-8.656738,-143.691162,296.878326,7.282113,-291.307312,312.359619,45.039070,-132.085419,387.759857,13.849572,-136.153763,353.024200,32.543903,-134.960800,423.193665,0.491085,-138.212296,458.710052,-4.750518,-140.382614,269.142242,53.987442,-128.563263,224.842239,49.631302,-125.115829,183.445084,38.343307,-122.134171,147.463303,17.116177,-119.710213,113.850830,-3.014895,-117.715721
55,0.550000,317.897064,26.802145,-8.448149,486.391418,-6.524189,-297.072662,121.699501,-6.839423,0.147856,504.749603,-8.931523,-28.792967,105.887520,-10.057641,-271.672089,497.326782,-8.653913,-143.695389,296.876770,7.283954,-291.309174,312.358337,45.039413,-132.086319,387.759155,13.847817,-136.154327,353.025085,32.543640,-134.962311,423.193604,0.486447,-138.212372,458.710846,-4.741821,-140.380951,269.138062,53.978413,-128.564713,224.839111,49.630787,-125.119057,183.442841,38.338326,-122.141853,147.462189,17.114834,-119.712234,113.856804,-3.001571,-117.721092
56,0.560000,317.898315,26.804132,-8.444839,486.395477,-6.523206,-297.069000,121.699265,-6.843245,0.147545,504.748993,-8.929747,-28.790934,105.885429,-10.069664,-271.670319,497.330139,-8.652847,-143.692123,296.879456,7.281656,-291.307129,312.358002,45.039219,-132.086868,387.755035,13.834771,-136.151459,353.027618,32.542847,-134.964081,423.192078,0.486479,-138.208038,458.708313,-4.735413,-140.380188,269.134460,53.982819,-128.563934,224.841492,49.634106,-125.113144,183.444916,38.350243,-122.137131,147.461609,17.118797,-119.709023,113.853699,-3.015130,-117.718430
57,0.570000,317.897552,26.806158,-8.447008,486.394318,-6.521400,-297.069763,121.699493,-6.841891,0.147276,504.750671,-8.934119,-28.792543,105.887634,-10.062714,-271.672546,497.327087,-8.661082,-143.692871,296.877258,7.285681,-291.308044,312.359741,45.040367,-132.088013,387.755554,13.843128,-136.154160,353.024841,32.548378,-134.965103,423.193115,0.482482,-138.211319,458.707825,-4.742050,-140.384109,269.142822,53.989532,-128.564026,224.838242,49.628387,-125.117836,183.444565,38.342602,-122.143822,147.461823,17.113205,-119.710854,113.852844,-3.015256,-117.717964
58,0.580000,317.894775,26.805588,-8.444410,486.391510,-6.519906,-297.071014,121.697113,-6.847238,0.151077,504.750793,-8.939282,-28.792660,105.885933,-10.064034,-271.670441,497.327728,-8.663098,-143.687927,296.876068,7.275391,-291.307983,312.358887,45.038471,-132.087433,387.758667,13.846573,-136.153229,353.023926,32.543682,-134.960068,423.194550,0.484819,-138.208588,458.709198,-4.754987,-140.380417,269.136932,53.972363,-128.562698,224.843018,49.634720,-125.109894,183.440506,38.338776,-122.139420,147.461548,17.108232,-119.711746,113.850334,-3.018193,-117.719414
59,0.590000,317.895813,26.799534,-8.445409,486.395020,-6.514679,-297.068329,121.694992,-6.841767,0.149614,504.749725,-8.930027,-28.792629,105.886772,-10.061706,-271.672394,497.328003,-8.660691,-143.690063,296.876251,7.282024,-291.309753,312.359650,45.044987,-132.088196,387.760925,13.844446,-136.154800,353.024353,32.554077,-134.962173,423.194366,0.494593,-138.214920,458.706848,-4.743627,-140.381256,269.136810,53.978226,-128.566010,224.838760,49.629433,-125.120003,183.442001,38.339218,-122.138840,147.465317,17.120823,-119.712791,113.853287,-3.014320,-117.719261
60,0.600000,317.892700,26.796507,-8.445922,486.393097,-6.523242,-297.069763,121.700584,-6.836195,0.150384,504.748749,-8.930138,-28.789753,105.883308,-10.068499,-271.673492,497.328583,-8.660191,-143.691101,296.875122,7.280858,-291.309753,312.359314,45.037617,-132.086380,387.758057,13.840364,-136.150833,353.027222,32.539028,-134.961166,423.194580,0.486373,-138.212234,458.707458,-4.752479,-140.379807,269.135895,53.975086,-128.561447,224.837784,49.632290,-125.117210,183.437912,38.330780,-122.139236,147.463928,17.115255,-119.711540,113.851074,-3.019634,-117.717468
61,0.610000,317.896576,26.797827,-8.448704,486.392395,-6.518304,-297.067047,121.699799,-6.834811,0.146762,504.752106,-8.931729,-28.792938,105.885986,-10.055633,-271.674988,497.352051,-8.782564,-143.658188,296.876556,7.289905,-291.308624,312.357391,45.040661,-132.086395,387.759155,13.840653,-136.153931,353.022614,32.543369,-134.963943,423.195618,0.490706,-138.212860,458.708710,-4.745568,-140.380127,269.139801,53.980694,-128.565475,224.838577,49.628811,-125.117821,183.439957,38.340275,-122.140488,147.466965,17.124201,-119.708824,113.853363,-3.007531,-117.717773
62,0.620000,317.896912,26.799318,-8.445897,486.393524,-6.527712,-297.069031,121.700569,-6.843281,0.147531,504.750244,-8.937379,-28.791674,105.884560,-10.061482,-271.673553,497.320007,-8.705353,-143.661072,296.875458,7.279736,-291.306854,312.361176,45.036724,-132.086060,387.755371,13.837957,-136.152695,353.024628,32.544418,-134.960251,423.194092,0.477221,-138.213425,458.710480,-4.746343,-140.378204,269.138123,53.980301,-128.562454,224.843506,49.637428,-125.114250,183.442688,38.335625,-122.135223,147.464767,17.117399,-119.710403,113.855850,-3.014105,-117.715828
63,0.630000,317.894623,26.803831,-8.448732,486.391083,-6.515291,-297.068024,121.699326,-6.841914,0.146664,504.750916,-8.933604,-28.792921,105.884048,-10.058481,-271.672516,497.320892,-8.669567,-143.682449,296.876312,7.283265,-291.308624,312.358398,45.042141,-132.087784,387.756744,13.844894,-136.153244,353.022675,32.538532,-134.965118,423.191101,0.489481,-138.212387,458.706543,-4.747293,-140.382568,269.135468,53.978336,-128.566086,224.837448,49.630260,-125.116524,183.444046,38.342587,-122.142128,147.461502,17.111776,-119.715248,113.858955,-3.003538,-117.718018
64,0.640000,317.896454,26.797794,-8.446944,486.394897,-6.520775,-297.067047,121.698853,-6.847893,0.148052,504.750916,-8.933156,-28.792025,105.886993,-10.055634,-271.670715,497.329163,-8.659144,-143.691879,296.875763,7.275178,-291.310242,312.362213,45.047592,-132.084488,387.757385,13.840565,-136.151993,353.026337,32.539223,-134.960602,423.194031,0.483870,-138.209427,458.707520,-4.747066,-140.380280,269.135925,53.976433,-128.561386,224.840286,49.632812,-125.114319,183.447128,38.341351,-122.135574,147.465424,17.115232,-119.711754,113.854568,-3.010387,-117.719795
65,0.650000,317.896759,26.799019,-8.447898,486.393616,-6.520266,-297.068054,121.699585,-6.837634,0.148058,504.750366,-8.935064,-28.793890,105.885834,-10.059303,-271.670624,497.327484,-8.655217,-143.695374,296.875519,7.280318,-291.309601,312.360474,45.043938,-132.087387,387.757629,13.840031,-136.153427,353.022888,32.542011,-134.961014,423.192139,0.481712,-138.212997,458.705780,-4.746299,-140.382538,269.134796,53.975960,-128.564606,224.839325,49.633404,-125.117477,183.436722,38.331272,-122.141808,147.461945,17.116365,-119.708313,113.854401,-3.013125,-117.719048
66,0.660000,317.898499,26.805466,-8.443748,486.393005,-6.521377,-297.069641,121.697533,-6.839216,0.146740,504.752472,-8.935572,-28.791994,105.884117,-10.065053,-271.675476,497.329163,-8.661640,-143.692078,296.874268,7.275999,-291.308716,312.357941,45.034027,-132.086288,387.759064,13.841807,-136.154144,353.024933,32.538517,-134.959732,423.194153,0.485746,-138.212219,458.708069,-4.746276,-140.381180,269.142731,53.986977,-128.562531,224.839996,49.629185,-125.115860,183.447784,38.349545,-122.139252,147.462021,17.108904,-119.712036,113.854332,-3.013294,-117.717735
67,0.670000,317.894531,26.797840,-8.448382,486.393982,-6.525576,-297.070129,121.698318,-6.842251,0.147580,504.750916,-8.932095,-28.790518,105.884125,-10.061789,-271.672913,497.326874,-8.663230,-143.689346,296.876709,7.279823,-291.307953,312.358368,45.039486,-132.086029,387.758484,13.849698,-136.153412,353.023895,32.537422,-134.961990,423.194489,0.490884,-138.210709,458.706909,-4.748806,-140.380539,269.132172,53.974545,-128.563965,224.841705,49.634361,-125.114204,183.442810,38.344307,-122.134651,147.459503,17.106318,-119.711998,113.850533,-3.014652,-117.716179
68,0.680000,317.896637,26.802643,-8.445436,486.393341,-6.519005,-297.069397,121.700005,-6.838590,0.146781,504.748108,-8.933965,-28.791275,105.885201,-10.056434,-271.670837,497.324615,-8.661495,-143.689499,296.875916,7.279773,-291.307007,312.359192,45.036774,-132.086456,387.757935,13.839242,-136.151199,353.026978,32.538513,-134.960907,423.194061,0.490804,-138.212631,458.707703,-4.743993,-140.378113,269.131134,53.974796,-128.562653,224.844437,49.641216,-125.113640,183.440125,38.341553,-122.137802,147.461914,17.115252,-119.711647,113.851410,-3.017903,-117.718201
69,0.690000,317.895203,26.797812,-8.445118,486.395691,-6.522339,-297.070496,121.697464,-6.846077,0.146542,504.748108,-8.925539,-28.790115,105.880783,-10.061937,-271.670868,497.328979,-8.665071,-143.690445,296.873627,7.278271,-291.309448,312.358917,45.037735,-132.084824,387.759491,13.844748,-136.153473,353.025177,32.539906,-134.960327,423.195190,0.490326,-138.210938,458.707825,-4.749014,-140.379898,269.129395,53.970066,-128.562927,224.838623,49.625069,-125.113991,183.439133,38.329662,-122.138931,147.456985,17.104116,-119.710571,113.852173,-3.016483,-117.720169
70,0.700000,317.897491,26.802307,-8.447917,486.394623,-6.519727,-297.070190,121.700470,-6.838966,0.146212,504.749481,-8.924789,-28.792221,105.883293,-10.057593,-271.671051,497.326813,-8.658728,-143.690704,296.876556,7.284683,-291.310211,312.359100,45.037891,-132.085754,387.757935,13.845787,-136.152802,353.023804,32.549271,-134.963486,423.191162,0.485484,-138.211945,458.707153,-4.742116,-140.382019,269.132629,53.979179,-128.563477,224.838379,49.629265,-125.118019,183.437744,38.330772,-122.140015,147.464600,17.116516,-119.709465,113.856438,-3.005793,-117.717178
71,0.710000,317.897156,26.802692,-8.446251,486.392975,-6.524628,-297.072388,121.696465,-6.844499,0.147652,504.749603,-8.933765,-28.793230,105.882034,-10.067911,-271.673767,497.325897,-8.668391,-143.689178,296.877441,7.280117,-291.310028,312.361053,45.039722,-132.084793,387.758911,13.845586,-136.152496,353.024506,32.533211,-134.960419,423.195312,0.484367,-138.209824,458.709839,-4.751652,-140.381973,269.134766,53.974953,-128.564041,224.841156,49.627350,-125.117706,183.441391,38.341038,-122.135170,147.461823,17.112286,-119.710503,113.850647,-3.015983,-117.716431
72,0.720000,317.897522,26.806175,-8.445682,486.393372,-6.515622,-297.071045,121.698936,-6.838147,0.146839,504.748108,-8.930493,-28.792955,105.888855,-10.056468,-271.673553,497.327271,-8.663912,-143.689743,296.877289,7.285477,-291.310181,312.360107,45.037483,-132.084579,387.759064,13.848714,-136.152588,353.025177,32.551136,-134.961792,423.194458,0.490943,-138.213837,458.707520,-4.741077,-140.379028,269.137939,53.989677,-128.564667,224.839523,49.633003,-125.117554,183.442657,38.343700,-122.140190,147.464447,17.117720,-119.711807,113.852379,-3.011590,-117.716812
73,0.730000,317.897858,26.798647,-8.446276,486.393066,-6.521845,-297.071869,121.697159,-6.843835,0.149026,504.750671,-8.934681,-28.791050,105.885941,-10.071113,-271.675385,497.327179,-8.662030,-143.690262,296.876984,7.278133,-291.311523,312.359589,45.037518,-132.083817,387.758148,13.838956,-136.154144,353.024231,32.543724,-134.958923,423.197144,0.483460,-138.212036,458.708099,-4.751200,-140.377838,269.135284,53.975113,-128.564011,224.843170,49.633781,-125.115410,183.440399,38.334961,-122.139725,147.458572,17.100054,-119.710342,113.850075,-3.020987,-117.717270
74,0.740000,317.895538,26.803808,-8.445655,486.393127,-6.514264,-297.068878,121.700623,-6.837053,0.146815,504.748291,-8.927924,-28.792622,105.886314,-10.060048,-271.676758,497.326599,-8.661576,-143.691147,296.877197,7.286740,-291.309998,312.358612,45.041222,-132.086411,387.757019,13.847625,-136.156113,353.026154,32.560024,-134.962814,423.192230,0.493105,-138.211716,458.707062,-4.739785,-140.379517,269.139404,53.986309,-128.563232,224.844696,49.635952,-125.116524,183.442383,38.340500,-122.137604,147.462845,17.111967,-119.713348,113.856499,-3.004714,-117.717567
75,0.750000,317.894531,26.797264,-8.445812,486.394104,-6.524403,-297.066895,121.700279,-6.844845,0.148612,504.750000,-8.937880,-28.792551,105.885086,-10.066056,-271.675934,497.326752,-8.661512,-143.688583,296.876465,7.279150,-291.308594,312.359528,45.038265,-132.084274,387.756744,13.838634,-136.152771,353.025513,32.548878,-134.962280,423.191772,0.488155,-138.209198,458.708466,-4.749965,-140.380127,269.139740,53.981506,-128.561981,224.844131,49.635685,-125.111610,183.442581,38.341824,-122.137985,147.462051,17.109678,-119.710144,113.856544,-3.010063,-117.717270
76,0.760000,317.897247,26.804123,-8.446674,486.392761,-6.516449,-297.068420,121.699783,-6.835841,0.145264,504.747803,-8.926812,-28.794159,105.884949,-10.061140,-271.674286,497.328156,-8.658197,-143.690430,296.875519,7.284372,-291.309937,312.358215,45.039932,-132.084885,387.755981,13.851709,-136.155334,353.026276,32.547058,-134.964722,423.192200,0.490800,-138.212906,458.705658,-4.741206,-140.383347,269.133942,53.977516,-128.564484,224.841949,49.640099,-125.117226,183.439606,38.335232,-122.141769,147.460587,17.112343,-119.712418,113.857956,-3.005407,-117.718002
77,0.770000,317.892303,26.788736,-8.445247,486.392609,-6.526310,-297.071198,121.697922,-6.841969,0.149019,504.748749,-8.934038,-28.792963,105.886299,-10.064270,-271.669434,497.328003,-8.665257,-143.688950,296.876434,7.277318,-291.311340,312.356323,45.031727,-132.085190,387.756287,13.840579,-136.152023,353.025787,32.544128,-134.960922,423.194611,0.477340,-138.213211,458.707367,-4.740783,-140.379379,269.136536,53.977692,-128.559921,224.837372,49.626556,-125.114632,183.439911,38.334515,-122.134895,147.459991,17.108503,-119.708054,113.855675,-3.013127,-117.718643
78,0.780000,317.893768,26.804077,-8.447792,486.393799,-6.512889,-297.069763,121.697289,-6.837956,0.146865,504.748108,-8.933498,-28.793596,105.887177,-10.058586,-271.670532,497.354858,-8.788726,-143.656219,296.875824,7.289061,-291.312134,312.357971,45.045067,-132.088013,387.754883,13.848518,-136.156204,353.023926,32.539894,-134.961258,423.193268,0.491511,-138.213425,458.708252,-4.736105,-140.380081,269.133728,53.979721,-128.564194,224.837463,49.630535,-125.118332,183.441055,38.342762,-122.138893,147.463028,17.121342,-119.709129,113.857353,-3.004147,-117.719414
79,0.790000,317.894806,26.797688,-8.444767,486.395325,-6.522842,-297.071167,121.699890,-6.845428,0.149267,504.748413,-8.937494,-28.790571,105.880615,-10.071273,-271.672028,497.314178,-8.706093,-143.661926,296.875641,7.281050,-291.310699,312.358429,45.036274,-132.083786,387.758759,13.841463,-136.151321,353.024384,32.537476,-134.960648,423.196167,0.480666,-138.213013,458.707184,-4.752447,-140.381805,269.136230,53.981613,-128.561813,224.842682,49.632229,-125.113663,183.443466,38.334175,-122.133995,147.462158,17.109755,-119.714424,113.852737,-3.019767,-117.717392
80,0.800000,317.894897,26.803988,-8.447877,486.393921,-6.506788,-297.069244,121.698250,-6.839735,0.145597,504.747925,-8.928514,-28.793446,105.884712,-10.053804,-271.672516,497.325134,-8.671780,-143.682327,296.876526,7.281885,-291.308685,312.358551,45.040546,-132.087601,387.759247,13.847917,-136.153168,353.021301,32.536705,-134.960587,423.194092,0.495485,-138.214432,458.705261,-4.739088,-140.380539,269.133698,53.978859,-128.563904,224.843323,49.636143,-125.115547,183.442703,38.343670,-122.142143,147.465668,17.123772,-119.711845,113.854919,-3.008769,-117.717468
81,0.810000,317.898773,26.801538,-8.445077,486.392609,-6.518455,-297.067993,121.696426,-6.836047,0.148611,504.750610,-8.930436,-28.793304,105.886742,-10.065186,-271.671143,497.329681,-8.655871,-143.694229,296.873962,7.278526,-291.308411,312.360870,45.039791,-132.083939,387.756805,13.839949,-136.150894,353.025269,32.538521,-134.960068,423.192932,0.484227,-138.212997,458.707947,-4.746258,-140.377625,269.136871,53.976192,-128.562668,224.841049,49.633110,-125.115723,183.440384,38.339027,-122.139488,147.462967,17.110178,-119.713791,113.853958,-3.016044,-117.717300
